a_id,average_lenth_from_tweets,average_number_words_per_tweet,average_time_between_tweets,creation_content_sources,creation_date,default_profile,default_profile_image,desviacion_tipica_average_tweet_time,isabot,last_24_hours_tweet,lexical_diversity,location,name_length,name_letters_amount,name_numbers_amount,number_of_hashtags,number_of_mentions,number_of_tweets,number_of_urls,percent_negative_tweets,percent_neutral_tweets,percent_positive_tweets,ratio_friends_followers,smog_index,total_number_of_words,total_unique_words,verified
678033,105.95,8.71,4610710,2,2007-01-22 01:57:38,False,False,14962.975982320495,0,21,0.581830327321,True,6,6,0,1,51,67566,57,15,20,65,0.0936639118457,9.6,1497,871,False
116324299,87.95,8.71,204604670,2,2010-02-22 01:56:22,False,False,3278445.1135335346,0,1,0.609943977591,True,11,11,0,16,72,20274,43,0,95,5,1.19574340528,10.9,1428,871,False
708484592,58.3,5.69,90220150,1,2012-07-21 06:20:18,False,False,341805.7713690445,0,3,0.561143984221,True,10,10,0,0,60,25351,29,15,55,30,0.712979890311,8.7,1014,569,False
2859962410,98.95,6.67,609141750,1,2014-11-04 04:45:13,False,False,7105307.306097001,0,0,0.597135183527,True,15,7,0,0,64,3291,41,10,55,35,0.716636197441,8.9,1117,667,False
2871221026,77.45,6.72,7396120,1,2014-11-10 21:04:22,False,False,82343.13791802872,0,5,0.596802841918,True,15,15,0,6,35,14316,46,0,90,10,3.25968992248,9.8,1126,672,False
1490237024,92.1,7.79,52899630,1,2013-06-07 11:59:49,False,False,629969.9235848704,0,0,0.583520599251,True,11,11,0,18,55,116821,46,0,95,5,0.0264701458866,10.2,1335,779,False
335080094,110.52941176470588,7.5,249913880,1,2011-07-14 03:36:27,False,False,2825814.9575877697,0,0,0.605326876513,True,11,11,0,2,66,39725,53,23,35,41,0.437393767705,9.5,1239,750,False
164940888,58.9,5.3,12605650,1,2010-07-10 04:22:22,False,False,82176.40223172343,0,2,0.637785800241,True,8,8,0,0,34,59337,63,10,40,50,0.0172562553926,9.9,831,530,False
326845068,63.2,6.08,12188690,1,2011-06-30 15:47:55,False,False,108002.20380893855,0,6,0.563484708063,True,7,7,0,3,78,27696,49,10,60,30,0.458288190683,9.6,1079,608,False
332238901,60.7,6.7,25067400,1,2011-07-09 13:15:46,False,False,117925.94334601483,0,1,0.662710187933,True,8,8,0,0,55,12793,6,10,55,35,0.713405238829,7.8,1011,670,False
24725275,124.4,9.71,380804830,1,2009-03-16 17:00:34,False,False,3116769.0079432726,0,0,0.569835680751,True,8,8,0,16,98,575,57,15,20,65,2.75471698113,11.1,1704,971,False
2339482580,86.65,7.99,63269560,1,2014-02-12 00:33:38,False,False,302696.2072220265,0,0,0.544648943422,True,9,9,0,0,93,7825,32,25,35,40,0.454033771107,9.7,1467,799,False
599895538,81.65,6.28,45891120,2,2012-06-05 06:57:24,False,False,122149.81295888258,0,5,0.720183486239,True,13,13,0,8,38,22353,28,0,55,45,0.419635099913,9.4,872,628,False
446034277,82.25,9.17,6085040,4,2011-12-25 06:52:10,False,False,40496.76426120363,0,5,0.643960674157,True,10,10,0,6,73,55677,27,10,40,50,0.893948845914,8.7,1424,917,False
104491100,115.0,5.11,725294510,1,2010-01-13 13:58:47,False,False,24175396.32381109,0,0,0.243797709924,True,10,6,0,8,97,2860,20,15,55,30,2.70769230769,10.4,2096,511,False
2724791731,92.94736842105263,9.39,35370520,2,2014-08-11 22:20:45,True,False,138852.80820504346,0,0,0.668803418803,True,7,7,0,2,73,7253,60,26,52,21,5.86764705882,8.9,1404,939,False
67849262,121.45,12.62,6408480,1,2009-08-22 08:40:28,False,False,43048.89453679386,0,16,0.661079099005,True,9,4,1,17,91,25492,44,30,55,15,2.57023060797,9.5,1909,1262,False
2604530259,78.55555555555556,5.5,504971660,1,2014-06-12 20:02:55,True,False,5376653.849274388,0,0,0.619369369369,True,9,8,1,8,84,4579,31,0,72,27,0.728744939271,9.7,888,550,False
1051543620,105.8,7.68,742167490,2,2013-01-01 01:22:20,True,False,11556060.146261083,0,0,0.539704848911,True,10,9,1,9,53,3274,52,5,35,60,1.38062283737,9.8,1423,768,False
2536750700,86.63636363636364,7.1,638027930,1,2014-05-31 06:28:00,True,False,559217.3559623491,0,0,0.593149540518,True,11,11,0,7,78,195,44,27,36,36,3.04395604396,9.0,1197,710,False
274148412,104.5,7.59,85817540,1,2011-03-29 20:37:26,False,False,310535.76116439066,0,0,0.569392348087,True,13,13,0,15,80,40075,57,10,25,65,0.630929332043,9.4,1333,759,False
2773889297,89.05,8.52,7038490,1,2014-09-17 20:07:39,False,False,41244.980800819874,0,12,0.584362139918,True,11,11,0,0,71,70130,49,20,50,30,0.144246353323,9.9,1458,852,False
217433376,24.35,2.51,292353190,1,2010-11-19 14:32:24,False,False,431854.14488404244,0,0,0.781931464174,True,11,11,0,3,2,1718,75,5,85,10,4.0,13.8,321,251,False
573300206,78.0,6.78,63085090,1,2012-05-07 04:42:38,False,False,601648.276589404,0,1,0.709947643979,True,13,13,0,11,62,16056,28,11,66,22,0.338568935428,9.2,955,678,False
2151409268,44.85,5.85,253776230,1,2013-10-23 17:42:25,True,False,490261.12027066504,0,1,0.636561479869,True,11,4,0,4,64,1607,16,10,85,5,975,8.9,919,585,False
15324749,92.3,9.28,57246050,3,2008-07-05 10:44:17,False,False,463994.43957395386,0,1,0.641326883207,True,6,6,0,28,70,11046,62,20,45,35,1.72181008902,10.4,1447,928,False
2285966798,55.8,6.76,127483210,1,2014-01-11 02:30:56,False,False,879598.6850613409,0,0,0.590909090909,True,11,11,0,14,63,22262,20,15,50,35,1.1356350185,9.8,1144,676,False
376585827,44.1,5.02,58598510,2,2011-09-20 04:22:50,False,False,165136.58914137562,0,0,0.659658344284,True,6,6,0,16,46,6496,54,5,85,10,1.94642857143,9.0,761,502,False
24386710,106.0,12.6,34106364800,3,2009-03-14 15:58:22,True,False,62738796.4837974,0,0,0.913043478261,True,7,7,0,2,4,6,2,0,80,20,1.8085106383,9.8,69,63,False
385226809,62.15,5.1,489894840,2,2011-10-05 03:19:36,False,False,8301977.634341823,0,0,0.576923076923,True,12,12,0,0,54,3371,29,20,40,40,0.260188087774,8.6,884,510,False
21634018,97.0,8.27,857486340,1,2009-02-23 05:33:46,True,False,8221078.502112045,0,0,0.624150943396,True,12,12,0,27,97,338,46,20,40,40,7.37037037037,10.0,1325,827,False
2532019062,22.7,1.6,16386930,1,2014-05-29 07:11:42,False,False,85279.19468690766,0,0,0.952380952381,True,13,4,0,0,2,1187,88,0,95,5,4.16666666667,21.2,168,160,False
3154356636,74.3,0.65,298554420,2,2015-04-14 03:08:09,True,False,1217709.29869688,0,0,0.0663942798774,True,10,5,4,1,2,9528,100,0,80,20,0.0140845070423,11.3,979,65,False
423502824,52.8,6.04,15240440,1,2011-11-28 15:52:36,False,False,85881.41750984319,0,4,0.743842364532,True,7,1,0,0,56,25327,28,0,100,0,0.228802153432,7.4,812,604,False
453052223,71.05,6.89,1011641580,2,2012-01-02 14:42:48,False,False,28236666.009659227,0,0,0.707392197125,True,12,12,0,14,11,327,63,0,80,20,5.66666666667,9.0,974,689,False
1534422504,55.05,6.21,284775940,1,2013-06-20 17:11:03,True,False,3850142.262671522,0,0,0.569724770642,True,7,7,0,12,13,36665,11,15,55,30,0.351935193519,7.8,1090,621,False
1966433113,60.8,5.63,4821790,1,2013-10-17 08:46:05,False,False,25994.404568050795,0,21,0.698511166253,True,12,8,0,0,29,44175,33,0,70,30,0.548969072165,8.8,806,563,False
406828178,40.0,1.01,62544960,1,2011-11-07 07:44:49,False,False,419700.5810858825,0,1,505,True,12,12,0,100,0,3245,100,0,100,0,8.01449275362,0,200,101,False
2527442282,59.95,4.67,192657190,3,2014-05-27 13:09:31,False,False,2583007.8070109175,0,0,0.598717948718,True,12,12,0,3,43,268,52,5,75,20,1.91964285714,9.2,780,467,False
121683806,89.55,8.25,498062560,4,2010-03-10 07:47:44,False,False,12141726.692262316,0,0,0.695029486099,True,8,8,0,64,10,697,80,5,75,20,2.22471910112,10.2,1187,825,False
1461336158,96.05,7.44,74111880,2,2013-05-27 05:32:11,False,False,413469.36501500325,0,1,0.672086720867,True,9,7,2,4,53,36674,34,0,90,10,0.0241074153189,9.7,1107,744,False
89699349,103.85,9.19,1104784070,1,2009-11-13 13:33:51,True,False,5541006.926481364,0,0,0.532136653156,True,5,5,0,4,9,681,13,15,50,35,0.284697508897,7.8,1727,919,False
966378990,107.3,8.88,514875930,2,2012-11-23 16:12:43,False,False,6900443.223818861,0,0,0.645348837209,True,8,4,4,34,75,1047,77,15,40,45,1704,9.6,1376,888,False
888937309,101.15,8.15,37792620,1,2012-10-18 14:13:40,False,False,359194.4183155516,0,3,0.603703703704,True,14,14,0,4,67,4791,52,10,65,25,2.24909747292,9.3,1350,815,False
55431252,84.75,7.76,29050420,2,2009-07-10 01:41:20,False,False,227848.53600945082,0,5,0.64238410596,True,10,10,0,11,86,2558,20,10,60,30,1.14349775785,10.3,1208,776,False
191348890,95.7,7.48,73120690,1,2010-09-16 06:43:14,True,False,152775.18493900605,0,1,0.504723346829,True,14,11,2,3,50,7717,44,25,45,30,0.915356151711,8.5,1482,748,False
2246800628,66.25,5.19,120350970,3,2013-12-15 07:20:43,True,False,709508.9228377893,0,0,0.490084985836,True,11,9,0,1,82,12842,22,10,5,85,0.509169363538,8.1,1059,519,False
50683007,79.05,7.98,7815780,2,2009-06-25 15:55:01,True,False,60968.71061411336,0,9,0.577424023155,True,12,12,0,6,87,21742,29,0,65,35,4.37662337662,10.5,1382,798,False
313789678,97.47368421052632,8.52,146475980,1,2011-06-09 06:38:34,False,False,477382.85782188905,0,1,0.659442724458,True,7,7,0,10,98,2013,82,26,42,31,0.9296875,9.5,1292,852,False
1343441293,57.8421052631579,5.72,4981980,1,2013-04-11 03:26:04,False,False,26542.33696789813,0,1,0.649262202043,True,11,11,0,2,66,64650,49,15,68,15,0.274661508704,10.1,881,572,False
2585393083,68.5,4.45,658170050,2,2014-06-24 08:26:49,True,False,15787395.822835864,0,0,0.650584795322,True,13,12,0,9,95,47091,12,5,75,20,0.14911014911,9.5,684,445,False
1583243996,132.55,13.15,15960270,1,2013-07-10 14:25:11,True,False,137318.61555749644,0,4,0.603211009174,True,12,12,0,7,100,9999,15,20,45,35,0.27731092437,11.0,2180,1315,False
147630373,104.1,9.31,1007399890,3,2010-05-24 16:49:56,False,False,8722618.108921956,0,2,0.637234770705,True,9,8,1,36,68,144,35,15,40,45,1.22222222222,9.1,1461,931,False
1270220785,56.06666666666667,4.78,6523400,1,2013-03-15 17:07:22,True,False,25977.47839563254,0,0,0.575903614458,True,8,2,0,1,82,14390,19,33,20,46,1.14726027397,10.0,830,478,False
136799314,0,0,0,0,2010-04-24 23:57:25,False,False,0,0,0,0,True,10,2,0,0,0,0,0,0,0,0,4.19277108434,0,0,0,False
81393070,45.55,6.12,129475050,1,2009-10-10 16:45:33,False,False,320872.7890143499,0,0,0.749082007344,True,10,2,0,24,55,17267,33,0,60,40,0.900497512438,9.1,817,612,False
1268970468,75.85,7.6,29804420,1,2013-03-15 06:37:03,False,False,95300.3970562951,0,3,0.609462710505,True,12,11,0,0,73,19951,51,5,50,45,0.660759493671,9.4,1247,760,False
367670418,60.5,5.92,108696030,2,2011-09-04 10:53:20,False,False,402271.4112051557,0,0,0.622502628812,True,15,15,0,0,45,27329,16,5,50,45,0.0503943908852,8.8,951,592,False
233783035,68.25,5.78,9229190,1,2011-01-04 02:59:55,False,False,50717.26313889582,0,7,0.489415749365,True,15,15,0,6,25,79608,23,5,50,45,0.9375,8.0,1181,578,False
763086512,49.3,6.26,59619310,1,2012-08-17 05:46:10,False,False,63586.782520426364,0,9,0.722029988466,True,6,5,0,25,37,8683,24,10,65,25,0.174704276615,8.3,867,626,False
21127172,94.7,8.66,13869090,2,2009-02-17 20:34:54,False,False,84888.2622780529,0,3,0.61028893587,True,11,11,0,7,86,16714,25,30,30,40,1.14367160775,9.5,1419,866,False
2988136898,104.9,5.95,18277640,4,2015-01-18 07:51:14,False,False,89949.63309630562,0,6,0.469984202212,True,12,12,0,17,27,4347,98,5,55,40,1.90956072351,10.3,1266,595,False
3033627449,68.33333333333333,6.63,655793940,3,2015-02-12 23:25:24,False,False,18726509.8088466,0,0,0.601087941976,True,14,5,0,1,63,262,31,20,60,20,3.60526315789,9.2,1103,663,False
231957917,73.76470588235294,9.48,72483860,1,2010-12-29 22:58:33,False,False,837160.4544817002,0,0,0.572118286059,True,12,12,0,12,83,84152,47,17,35,47,0.531554426091,10.3,1657,948,False
413655972,67.95,6.72,24209310,1,2011-11-16 03:40:52,False,False,254780.12514685577,0,0,0.630985915493,True,10,6,4,29,55,12265,22,20,50,30,0.902040816327,9.1,1065,672,False
1445605818,55.75,4.7,31819740,2,2013-05-21 06:37:08,False,False,1227.2893913010084,0,0,0.498409331919,True,15,15,0,1,85,52253,7,0,35,65,0.0148028962188,7.8,943,470,False
15448383,88.1,8.43,239560,2,2008-07-16 00:36:41,False,False,1908.526305818183,0,100,0.679838709677,True,14,14,0,5,52,664741,96,25,50,25,0.000680757876996,11.9,1240,843,True
563067334,52.25,6.2,124468450,2,2012-04-25 17:47:30,False,False,1274988.9802916523,0,0,0.583804143126,True,14,14,0,0,17,111184,14,25,55,20,0.986337488015,6.0,1062,620,False
151289371,96.1,7.21,4858610,1,2010-06-03 02:11:59,False,False,52301.74586519555,0,12,0.577724358974,True,12,12,0,16,71,24171,51,15,40,45,0.133454150054,9.3,1248,721,True
2967176515,47.94444444444444,4.63,545594110,1,2015-01-08 20:25:47,True,False,5783294.918537248,0,0,0.597419354839,True,14,14,0,10,78,2782,38,5,66,27,1.82161060143,9.0,775,463,False
58789772,113.75,9.22,668837530,3,2009-07-21 13:07:49,False,False,12461067.749828933,0,0,0.59064702114,True,14,14,0,24,84,1400,49,5,40,55,1.76497695853,9.7,1561,922,False
2925459516,55.2,6.01,62662590,1,2014-12-10 10:32:00,True,False,156947.58920063093,0,1,0.624091381101,True,10,2,0,28,69,1913,39,5,70,25,1.01097178683,8.4,963,601,False
767012412,59.8,7.16,80577490,1,2012-08-19 05:59:13,True,False,476357.6877605315,0,0,0.577885391445,True,13,12,1,4,55,10076,21,10,60,30,1.66336633663,9.1,1239,716,False
200048272,73.4,5.91,103017920,2,2010-10-08 09:48:54,False,False,1018833.4379214433,0,0,0.620798319328,True,12,12,0,11,57,4571,40,5,50,45,0.572343149808,7.8,952,591,False
76197665,96.55,9.3,95254720,2,2009-09-22 00:30:33,True,False,498572.2671713977,0,4,0.731707317073,True,6,6,0,24,73,11404,63,5,80,15,0.9083172147,11.2,1271,930,False
28140565,77.7,8.16,5639690,1,2009-04-01 16:44:41,False,False,50905.129678746525,0,15,0.610778443114,True,13,13,0,3,84,28918,33,5,65,30,0.823170731707,8.6,1336,816,False
174256925,63.75,7.14,26243440,2,2010-08-03 13:54:49,False,False,191753.4855603608,0,2,0.726347914547,True,8,7,1,17,15,10410,46,0,70,30,2.3064516129,10.0,983,714,False
455105031,90.85,9.54,162802330,2,2012-01-04 18:55:05,False,False,1275833.3216493162,0,0,0.586715867159,True,15,15,0,10,91,2660,37,10,45,45,2.18983050847,10.9,1626,954,False
381442087,56.15,5.66,2599790,2,2011-09-28 10:27:39,False,False,8787.837846137127,0,28,0.703980099502,True,15,15,0,0,43,18310,16,10,60,30,0.569377990431,9.0,804,566,False
376588311,74.8,7.69,929405640,2,2011-09-20 04:30:51,True,False,4081465.1990834163,0,0,0.562545720556,True,12,9,0,13,41,2196,23,50,25,25,1.38129496403,8.2,1367,769,False
444005925,80.75,6.44,773368260,5,2011-12-22 19:49:24,True,False,11493368.421133032,0,0,0.747099767981,True,8,8,0,11,20,984,87,20,50,30,3.02139037433,11.2,862,644,False
16408909,74.45,7.29,111659290,1,2008-09-22 20:00:34,False,False,824393.1514216139,0,0,0.519230769231,True,10,10,0,0,31,11891,21,25,55,20,2.67820069204,8.6,1404,729,False
2748423234,61.25,5.84,21426940,1,2014-08-20 07:54:20,True,False,77941.89923941743,0,5,0.676709154114,True,9,9,0,1,62,10674,25,5,80,15,0.453968253968,9.5,863,584,False
557270190,43.1,4.37,7133800,2,2012-04-18 20:22:13,False,False,39575.210787151846,0,14,0.6992,True,8,8,0,2,65,41832,14,0,70,30,1.19516003123,10.0,625,437,False
344384823,43.05,4.68,82134910,1,2011-07-29 00:12:36,False,False,876785.0587295385,0,3,0.567961165049,True,13,13,0,2,44,20407,18,10,50,40,0.681904761905,8.4,824,468,False
985286364,98.9,8.63,9425120,1,2012-12-02 20:06:12,False,False,63223.483274729486,0,12,0.582321187584,True,8,7,1,1,89,28934,59,30,35,35,0.625377643505,10.1,1482,863,False
1680440839,69.5,8.52,342783740,3,2013-08-18 10:38:42,False,False,2682111.3570184982,0,0,0.557591623037,True,8,8,0,14,77,1880,38,10,65,25,1.42857142857,9.2,1528,852,False
566099034,46.05,5.4,7237320,2,2012-04-29 05:45:54,False,False,77514.61436471189,0,0,0.737704918033,True,13,5,2,12,56,1497,6,10,75,15,1.58367346939,7.2,732,540,False
520178852,71.1,8.77,13784200,1,2012-03-10 07:19:57,False,False,55447.770111587895,0,7,0.627773801002,True,9,8,0,6,78,40750,48,20,60,20,0.648261758691,9.5,1397,877,False
1329916243,82.5,7.08,115178470,1,2013-04-05 19:18:13,False,False,215444.6546755338,0,4,0.60824742268,True,9,6,2,17,94,3076,74,0,100,0,0.799559471366,10.2,1164,708,False
1475800022,53.55,5.6,55646290,1,2013-06-01 22:08:03,False,False,489273.73712849896,0,0,0.512820512821,True,13,12,0,1,55,10508,11,30,35,35,0.534210526316,8.2,1092,560,False
324020939,92.3,6.83,100818370,1,2011-06-25 21:13:32,False,False,410504.9417553825,0,0,0.560295324036,True,8,5,3,31,72,7586,35,20,55,25,0.724919093851,12.1,1219,683,False
2810008564,69.85,5.82258064516,1854645822,2,2014-10-06 10:34:28,True,False,18494957.781282343,0,0,0.617094017094,True,15,13,2,4,38,64,19,30,45,25,3.55555555556,8.7,585,361,False
2744811814,93.1,8.35,4805460,1,2014-08-16 21:48:35,False,False,16947.696985947678,0,38,0.620817843866,True,7,4,3,1,94,5328,74,25,40,35,0.506385341477,9.6,1345,835,False
483620211,133.65,12.05,1874690,2,2012-02-05 06:36:27,True,False,1502.9444592199675,0,56,0.588666340987,True,10,10,0,31,73,26658,33,5,55,40,0.0479230182927,9.8,2047,1205,True
2321395147,76.1,3.95,60539820,1,2014-01-31 21:42:58,False,False,103806.66596817134,0,0,0.5330634278,True,10,4,0,63,95,5296,97,0,65,35,0.915384615385,11.6,741,395,False
2392538984,78.7,7.38,4176910,1,2014-03-16 11:06:37,False,False,64361.30569020101,0,6,0.710298363811,True,11,11,0,2,82,92406,24,5,55,40,0.580539119001,9.0,1039,738,False
2394896371,107.65,8.73,17245350,2,2014-03-17 18:27:11,False,False,135832.55685405468,0,1,0.6,True,7,7,0,15,53,9798,56,35,30,35,0.974056603774,11.2,1455,873,False
2478604735,64.55,6.08,5740140,1,2014-05-05 16:42:29,False,False,15087.877168359371,0,28,0.646121147715,True,13,9,1,10,91,67311,57,25,55,20,0.671624713959,8.8,941,608,False
73689335,118.9,8.19,100085830,1,2009-09-12 17:24:29,True,False,218.30334399637582,0,0,0.5099626401,True,12,5,0,21,87,9724,11,25,5,70,2.4373088685,9.3,1606,819,False
23571734,103.2,9.47,65496370,2,2009-03-10 08:50:10,True,False,467820.1541321622,0,1,0.581695331695,True,12,12,0,11,73,3390,48,10,40,50,1.43882978723,11.9,1628,947,False
215876019,49.55,5.65,19090530,1,2010-11-15 04:35:11,False,False,115789.56358190275,0,12,0.695812807882,True,15,15,0,12,81,26958,45,0,95,5,0.160258591358,9.4,812,565,False
310674897,101.1,7.69,1624840,1,2011-06-04 04:44:30,False,False,24286.04250058045,0,23,0.623682076237,True,8,8,0,10,72,43469,29,15,55,30,0.931686046512,10.2,1233,769,False
2293511256,94.15,7.35,521490090,2,2014-01-15 23:13:03,True,False,2711059.3711892497,0,0,0.598534201954,True,7,6,1,17,34,105,33,10,40,50,6.52941176471,8.3,1228,735,False
1926394171,123.78947368421052,11.13,16470880,1,2013-10-02 09:48:26,False,False,310150.6241273987,0,0,0.536903039074,True,9,9,0,54,95,16571,34,10,47,42,0.493610223642,9.3,2073,1113,False
2990948929,84.75,7.67,238658610,1,2015-01-20 08:52:51,True,False,2594306.8185142903,0,0,0.507947019868,True,10,6,4,14,29,1651,32,25,30,45,2.89285714286,9.0,1510,767,False
349485739,100.05,9.78,187163440,2,2011-08-06 05:10:47,False,False,2881705.453786977,0,0,0.60333127699,True,14,9,0,17,19,12754,80,5,40,55,0.389312977099,10.1,1621,978,False
557639325,40.8,5.87,163962650,2,2012-04-19 09:10:30,True,False,1028606.5601981876,0,0,0.72113022113,True,15,15,0,15,31,9829,12,0,75,25,0.508287292818,7.6,814,587,False
415482571,50.55,5.21,1737960,2,2011-11-18 11:51:51,False,False,31459.358666818054,0,15,0.707880434783,True,10,3,0,2,86,35617,15,5,60,35,0.987113402062,10.0,736,521,False
971629717,81.44444444444444,6.4,573053050,1,2012-11-26 09:12:22,False,False,8243891.639111407,0,0,0.578139114724,True,11,11,0,2,65,5171,21,16,33,50,0.849529780564,8.5,1107,640,False
881425310,87.7,6.94,368449820,1,2012-10-15 02:58:51,False,False,2203529.567393773,0,0,0.565146579805,True,11,6,0,2,92,2851,42,15,50,35,0.528756957328,9.2,1228,694,False
371832097,75.85,6.58,35027150,1,2011-09-11 16:10:43,True,False,268770.3800310964,0,0,0.624881291548,True,10,5,0,11,99,4113,37,10,70,20,2.24840764331,9.7,1053,658,False
412767501,57.3,6.25,25078510,1,2011-11-15 03:25:29,True,False,107063.06589495511,0,0,0.531914893617,True,14,14,0,3,82,3094,20,5,60,35,1.52710843373,10.1,1175,625,False
183760147,127.25,8.15,779483240,3,2010-08-27 20:49:22,False,False,13288668.718572084,0,0,0.60594795539,True,13,13,0,60,44,1392,78,20,30,50,0.845588235294,10.8,1345,815,False
109514123,94.7,7.03,95755530,2,2010-01-29 09:04:55,False,False,795192.2071044146,0,1,0.472128945601,True,12,12,0,21,46,30968,75,25,65,10,0.80443285528,9.2,1489,703,False
121905658,107.5,8.87,1935749920,3,2010-03-11 00:22:48,False,False,20197489.758320406,0,0,0.68073676132,True,13,13,0,45,70,404,84,0,30,70,1.03658536585,11.5,1303,887,False
268745865,78.65,7.48,3108870,1,2011-03-19 11:26:08,False,False,24571.32447691821,0,24,0.583463338534,True,14,14,0,5,55,111981,39,15,40,45,0.0127784783522,10.4,1282,748,False
1046762064,79.35,7.25,39073020,1,2012-12-30 04:09:00,False,False,269203.9100572464,0,2,0.589430894309,True,10,10,0,7,72,27932,54,25,45,30,0.844594594595,10.4,1230,725,False
14196068,92.75,8.33,2257050,1,2008-03-22 07:13:26,False,False,13647.284675348428,0,39,0.582517482517,True,8,8,0,6,77,138701,24,15,45,40,0.225738396624,8.4,1430,833,False
1972385126,64.4,6.72,7336790,1,2013-10-19 18:03:09,False,False,33372.193513612496,0,16,0.523364485981,True,11,4,1,0,84,67909,32,15,45,40,0.595220313667,8.5,1284,672,False
1935516248,86.65,5.69,760110250,2,2013-10-04 21:15:07,False,False,11067495.925149703,0,0,0.607905982906,True,13,13,0,12,71,1969,28,5,60,35,0.492957746479,8.9,936,569,False
318703449,100.5,9.23,11302920,2,2011-06-16 22:31:59,False,False,100944.03710318901,0,5,0.579773869347,True,8,8,0,1,97,8878,57,25,70,5,0.96725440806,9.8,1592,923,False
386541691,94.5,7.85,103378300,2,2011-10-07 13:26:01,False,False,420841.08203254995,0,0,0.664128595601,True,12,10,2,16,56,5572,48,10,50,40,3.81428571429,9.7,1182,785,False
332214689,113.6,10.59,205621390,2,2011-07-09 12:16:45,True,False,1471927.9747198604,0,2,0.619660620246,True,7,7,0,13,69,817,61,20,65,15,1.01176470588,9.3,1709,1059,False
48806695,132.8,8.77,3399240,1,2009-06-19 19:46:07,True,False,1096.019411324453,0,28,0.541024059223,True,6,6,0,5,98,19686,35,10,40,50,4.69387755102,11.3,1621,877,False
80546103,110.25,11.27,8800190,1,2009-10-07 10:36:16,False,False,81857.67977325035,0,9,0.595980962454,True,8,8,0,11,95,4572,25,15,55,30,1.58059467919,9.4,1891,1127,False
631912248,45.25,5.9,718395340,2,2012-07-10 09:19:51,False,False,13778237.932330009,0,0,0.682080924855,True,14,14,0,8,61,29983,25,10,65,25,0.756726246472,8.9,865,590,False
1021811083,92.75,3.02,33931020,2,2012-12-19 10:32:34,True,False,214020.77221659466,0,0,0.263295553618,True,9,8,1,47,78,5808,58,0,85,15,2.56470588235,8.2,1147,302,False
450860458,55.0,5.74,13122060,1,2011-12-30 19:04:06,True,False,58213.80661275725,0,9,0.644943820225,True,11,7,3,8,56,30314,28,20,45,35,1.0119047619,9.2,890,574,False
536684415,90.6,7.37,29324050,2,2012-03-25 19:56:14,False,False,153044.99411521928,0,1,0.509681881051,True,11,11,0,2,90,36595,38,35,30,35,0.586206896552,9.5,1446,737,False
169779207,53.35,7.68,339930860,1,2010-07-23 04:06:13,False,False,5254130.46829001,0,0,0.652506372133,True,11,11,0,36,71,3164,11,5,70,25,1.95384615385,9.2,1177,768,False
80988429,86.7,4.21,22525840,2,2009-10-09 00:53:39,False,False,56283.088609723614,0,1,0.55761589404,True,12,12,0,4,12,18739,25,35,30,35,0.148936170213,8.8,755,421,False
129013638,72.75,9.25,319713770,1,2010-04-02 22:52:04,False,False,1056314.916614779,0,0,0.561286407767,True,9,7,2,10,84,2604,19,15,50,35,1.72514619883,9.3,1648,925,False
25184645,96.1,8.24,47073180,1,2009-03-18 23:34:03,False,False,470677.37741413433,0,7,0.634334103156,True,11,8,3,13,67,21018,49,25,45,30,1.09628378378,9.0,1299,824,False
22173597,77.94736842105263,7.26,119110780,2,2009-02-27 18:53:55,True,False,540029.903546342,0,2,0.632404181185,True,8,6,2,23,82,4618,58,0,36,63,3.58823529412,10.1,1148,726,False
16527716,109.8,9.36,172647280,1,2008-09-30 13:49:21,False,False,1889223.3485770973,0,0,576,True,10,10,0,26,40,8595,57,15,45,40,0.617588932806,8.7,1625,936,False
34160482,101.2,9.43,38269790,1,2009-04-22 03:08:31,True,False,371760.59609335614,0,0,0.604099935939,True,11,4,0,11,86,5656,60,25,40,35,6.05479452055,9.4,1561,943,False
23871022,122.8,11.65,16456510,1,2009-03-12 01:37:50,False,False,84659.10838443493,0,4,0.600206079341,True,9,9,0,6,82,57009,60,20,50,30,0.382585751979,10.7,1941,1165,False
18459813,127.4,11.06,1478520,1,2008-12-29 21:02:37,False,False,3274.3815156453593,0,31,0.630199430199,True,13,13,0,23,94,103940,63,10,40,50,0.0251649157097,11.4,1755,1106,True
264593584,99.05,9.23,474202280,4,2011-03-12 04:29:06,True,False,2936077.361284706,0,1,0.63963963964,True,11,11,0,46,27,527,69,10,35,55,2.83333333333,10.8,1443,923,False
277012671,87.85,6.24,399584090,2,2011-04-04 14:39:02,False,False,7871766.155284053,0,0,0.536543422184,True,15,6,2,39,77,479,42,15,15,70,3.08450704225,10.8,1163,624,False
284320970,72.85,8.73,17574010,3,2011-04-19 02:23:12,False,False,124820.83242010324,0,7,0.688485804416,True,11,11,0,53,63,20249,49,5,65,30,0.475485661425,9.9,1268,873,False
2230646856,86.86666666666666,6.01,448690430,3,2013-12-05 00:01:42,True,False,10915780.944540175,0,0,0.673766816143,True,10,7,3,10,61,5445,82,6,53,40,1.41255605381,9.7,892,601,False
1624512505,48.0,4.25,38700960,2,2013-07-27 03:40:14,False,False,319719.9536973373,0,3,0.61505065123,True,15,15,0,0,29,25994,16,0,80,20,0.530631479736,8.6,691,425,False
31290927,106.9,9.73,193528710,1,2009-04-15 01:10:26,True,False,2096448.8417132793,0,0,0.571680376028,True,7,7,0,19,80,1307,54,15,35,50,1.31926121372,9.4,1702,973,False
14716324,68.2,7.3,102608760,3,2008-05-09 18:19:36,False,False,450219.3775505559,0,0,0.652951699463,True,8,8,0,9,23,3726,58,25,40,35,1.85071770335,8.8,1118,730,False
3018133003,40.75,4.57,361106650,1,2015-02-13 06:00:44,True,False,1261884.6314739424,0,5,0.642756680731,True,10,9,1,6,97,6298,20,10,50,40,0.482905982906,9.7,711,457,False
2536663076,57.2,5.12,10470000,3,2014-05-31 05:27:46,False,False,112240.2589521692,0,0,0.696598639456,True,10,10,0,18,19,22712,58,0,85,15,0.747596153846,10.2,735,512,False
468369974,82.65,8.35,6078170,2,2012-01-19 13:27:18,False,False,19391.37480034616,0,30,0.657998423956,True,14,14,0,10,83,22552,79,20,60,20,0.930107526882,10.3,1269,835,False
264538100,39.4,4.48,184050510,1,2011-03-12 02:19:57,False,False,235932.59257171318,0,0,0.644604316547,True,10,6,4,5,64,5236,18,20,65,15,0.789592760181,9.2,695,448,False
323992737,93.5,9.51,387096100,2,2011-06-25 20:05:40,False,False,1843219.3612273193,0,0,0.627722772277,True,9,9,0,5,61,4143,38,20,20,60,1.08267716535,9.7,1515,951,False
2593793134,72.05,6.28,9749020,2,2014-06-09 02:46:47,False,False,74805.81300447178,0,5,0.523769808173,True,11,11,0,1,51,69535,35,15,55,30,0.0280223004695,8.8,1199,628,False
1888522045,109.25,7.66,3358530,3,2013-09-21 02:02:56,False,False,21687.675603611835,0,19,0.559532505478,True,8,3,0,69,27,42265,28,5,35,60,0.321344060577,9.4,1369,766,False
2372241176,121.0,7.48,405555620,1,2014-03-04 18:11:08,False,False,11445791.160101807,0,0,0.565381708239,True,14,14,0,12,54,124,17,5,60,35,6.30496453901,8.3,1323,748,False
2368684734,83.15,6.98,84211600,1,2014-03-02 10:38:13,False,False,558572.6062442979,0,0,0.547880690738,True,13,13,0,5,32,119,0,20,30,50,5.71875,7.5,1274,698,False
2353855646,92.85,7.48,82985790,1,2014-02-20 22:28:03,False,False,677347.3093690637,0,0,0.589440504334,True,11,11,0,5,39,121,0,30,25,45,4.27272727273,7.6,1269,748,False
2352506778,80.65,7.11,399148540,1,2014-02-20 01:34:19,False,False,12150371.06522143,0,0,0.58135731807,True,12,12,0,7,45,133,3,10,45,45,7.12820512821,9.2,1223,711,False
2349093944,89.75,7.04,83080550,1,2014-02-17 21:29:40,False,False,698674.8760765536,0,0,0.572357723577,True,13,13,0,4,45,118,0,5,55,40,5.75,9.0,1230,704,False
2353568059,79.25,7.87,419297990,1,2014-02-20 17:33:05,False,False,13475801.562923424,0,0,0.589955022489,True,13,13,0,8,53,149,4,30,45,25,7.39024390244,8.4,1334,787,False
2374895658,65.8,6.68817204301,117019236,1,2014-03-06 06:01:31,False,False,572186.5318109471,0,0,0.573800738007,True,12,12,0,5,42,93,0,20,55,25,4.68571428571,9.2,1084,622,False
2384331992,67.45,7.16279069767,125034139,1,2014-03-11 23:31:07,False,False,699403.594155583,0,0,0.616616616617,True,13,13,0,11,38,86,0,10,55,35,4.04761904762,8.9,999,616,False
2353833049,52.5,7.17,83001260,1,2014-02-20 21:51:00,False,False,760069.4632065727,0,0,0.6,True,15,15,0,5,43,134,0,5,45,50,5.63333333333,8.4,1195,717,False
2383025796,71.55,7.05494505495,118097285,1,2014-03-11 02:44:13,False,False,800110.9595916228,0,0,0.602816901408,True,14,14,0,1,41,91,0,0,55,45,3.26666666667,8.6,1065,642,False
2384166104,76.35,7.48453608247,110838670,1,2014-03-11 20:25:36,False,False,549667.2072542508,0,0,0.567630961689,True,11,11,0,5,44,97,0,10,35,55,8.30434782609,7.7,1279,726,False
2361880260,64.2,6.71,83334870,1,2014-02-26 00:53:29,False,False,529466.0098819825,0,0,0.570093457944,True,9,9,0,9,37,103,0,15,35,50,4.57142857143,7.3,1177,671,False
2386269716,50.35,6.95348837209,124958186,1,2014-03-13 03:47:02,False,False,1052804.650146009,0,0,0.600401606426,True,13,13,0,5,33,86,0,10,60,30,7.6,8.1,996,598,False
2362388834,90.05,7.94,421515290,1,2014-02-26 08:57:36,False,False,15262451.556288738,0,0,0.604722010663,True,12,12,0,7,51,121,9,15,40,45,5.91477272727,8.5,1313,794,False
2385765020,58.1,7.03409090909,122064079,1,2014-03-12 20:18:33,False,False,490332.7577733309,0,0,0.561196736174,True,8,8,0,8,29,88,0,0,60,40,6.42307692308,8.1,1103,619,False
2376495600,76.95,7.56976744186,126615197,1,2014-03-07 03:34:04,False,False,778451.6129298131,0,0,0.594520547945,True,12,12,0,5,37,86,0,5,45,50,5.57142857143,8.5,1095,651,False
2362248168,85.0,7.27,407256700,1,2014-02-26 06:31:24,False,False,13880403.148090824,0,0,0.60532889259,True,13,13,0,7,49,119,6,5,40,55,4.87623762376,8.8,1201,727,False
2376811856,59.6,7.37362637363,119472318,1,2014-03-07 08:45:28,False,False,373454.7153092862,0,0,0.58044982699,True,13,13,0,4,38,91,0,10,55,35,6.37037037037,8.8,1156,671,False
2352676352,75.8,7.72,394768410,1,2014-02-20 04:02:26,False,False,8146357.787917046,0,0,0.587966488957,True,12,12,0,5,47,117,2,20,30,50,7.82716049383,8.4,1313,772,False
2380854356,64.6,6.88541666667,113282197,1,2014-03-09 18:30:40,False,False,712815.0783062376,0,0,0.593890386343,True,11,11,0,6,45,96,0,15,50,35,2.86666666667,8.3,1113,661,False
2355882324,50.9,7.17,85082570,1,2014-02-22 06:14:25,False,False,540658.8274520703,0,0,0.601510067114,True,13,13,0,5,43,112,0,0,60,40,4.78378378378,8.0,1192,717,False
2375744096,62.6,7.5,137704153,1,2014-03-06 18:29:27,False,False,1044314.1156802811,0,0,0.657303370787,True,12,12,0,7,24,78,0,10,55,35,6.11538461538,7.0,890,585,False
2383278158,67.5,7.10526315789,114791557,1,2014-03-11 06:35:23,False,False,772234.6518179303,0,0,0.609756097561,True,12,12,0,7,40,95,0,15,30,55,4.02272727273,8.8,1107,675,False
2384644393,69.45,7325,134384112,1,2014-03-12 04:02:34,False,False,1001719.4911766268,0,0,0.628755364807,True,9,9,0,4,29,80,0,5,40,55,4.12195121951,8.1,932,586,False
2374931234,79.85,7.40963855422,129340036,1,2014-03-06 06:36:42,False,False,1052485.041047115,0,0,0.648050579557,True,11,11,0,5,39,83,0,0,65,35,4.78378378378,7.6,949,615,False
2370987984,78.45,7.3,107137240,1,2014-03-03 21:57:06,False,False,613496.4282750471,0,0,584,True,13,13,0,8,40,100,0,30,40,30,4.89189189189,8.3,1250,730,False
2364902995,69.5,6.58,102610200,1,2014-02-28 01:43:32,False,False,867787.4589038263,0,0,0.546058091286,True,12,12,0,4,43,105,0,10,55,35,6.91666666667,9.2,1205,658,False
2351860141,73.3,7.41,82943250,1,2014-02-19 15:26:10,False,False,686159.8498220714,0,0,0.583464566929,True,14,14,0,8,38,114,0,15,40,45,3.44,8.6,1270,741,False
2370363816,45.95,6.48,107667540,1,2014-03-03 12:47:50,False,False,735258.6724153004,0,0,0.601113172542,True,11,11,0,5,39,101,0,15,50,35,4.83333333333,8.0,1078,648,False
2378044849,74.95,7.2,120993622,1,2014-03-08 03:14:56,False,False,970847.8938810794,0,0,0.603914259087,True,12,12,0,7,34,90,0,15,40,45,6.1,8.5,1073,648,False
2353459585,96.05,7.36,402157610,1,2014-02-20 16:04:29,False,False,13180632.175980324,0,0,0.592115848753,True,14,14,0,5,47,133,5,5,40,55,8.67692307692,8.3,1243,736,False
2368268431,60.5,6.98,83157530,1,2014-03-02 04:18:18,False,False,723737.074066881,0,0,0.582151793161,True,10,10,0,6,43,114,0,25,40,35,4.86842105263,9.0,1199,698,False
2363564364,92.15,7.39,413451040,1,2014-02-27 03:35:32,False,False,15299904.275779124,0,0,0.590727418066,True,10,10,0,8,46,117,6,15,35,50,7.25899280576,8.8,1251,739,False
2363087568,73.35,7.1,102388850,1,2014-02-26 19:14:15,False,False,697261.318442553,0,0,0.590682196339,True,12,12,0,5,38,105,0,15,40,45,5.96551724138,8.6,1202,710,False
2351219077,58.1,7.33,102393020,1,2014-02-19 06:04:23,False,False,593284.7369626662,0,0,0.597879282219,True,11,11,0,5,39,110,0,10,50,40,5.0,7.2,1226,733,False
2384911256,60.1,7.43617021277,115794914,1,2014-03-12 08:30:26,False,False,374363.6309271909,0,0,0.635454545455,True,11,11,0,7,35,94,0,10,50,40,6.5,8.3,1100,699,False
2385886057,71.4,7.42222222222,119440044,1,2014-03-12 22:11:40,False,False,858176.1191650814,0,0,0.588028169014,True,15,15,0,6,34,90,0,20,20,60,5.33333333333,8.2,1136,668,False
2368238317,83.45,7.35,410365810,1,2014-03-02 03:51:03,False,False,13353877.369351277,0,0,0.605436573311,True,11,11,0,8,42,125,4,15,50,35,6.06338028169,8.6,1214,735,False
2364692858,71.7,6.75,83567240,1,2014-02-27 22:03:44,False,False,603527.910483142,0,0,0.562969140951,True,13,13,0,5,48,120,0,15,35,50,6.8,8.3,1199,675,False
2382710197,52.95,7.05813953488,124965406,1,2014-03-10 21:26:37,False,False,960972.8092721186,0,0,0.591617933723,True,9,9,0,4,29,86,0,15,45,40,6.08,9.1,1026,607,False
2385567890,60.7,6.75862068966,125382057,1,2014-03-12 17:24:15,False,False,697691.041834715,0,0,0.601226993865,True,15,15,0,6,23,87,0,10,55,35,4.45945945946,8.0,978,588,False
2353193346,71.9,6.84,102785340,1,2014-02-20 12:53:37,False,False,784688.4600167939,0,0,0.557911908646,True,12,12,0,6,41,110,0,25,55,20,4.11904761905,7.3,1226,684,False
2368499593,67.0,7.01,82547220,1,2014-03-02 07:30:44,False,False,310437.2989418153,1,0,0.595581988105,True,10,10,0,4,44,122,0,15,45,40,5.30555555556,8.6,1177,701,False
2367858672,77.1,7.55,85342790,1,2014-03-02 00:29:08,False,False,495357.46046612645,1,0,0.578101071975,True,13,13,0,5,47,111,0,15,40,45,6.1724137931,9.1,1306,755,False
2361729229,67.25,7.4,126134247,1,2014-02-25 22:14:23,False,False,859344.1081048034,1,0,0.649122807018,True,14,14,0,8,36,85,0,15,45,40,6.66666666667,7.5,969,629,False
2353517850,68.45,7.37,81605490,1,2014-02-20 16:58:15,False,False,496175.8503274721,1,0,0.578492935636,True,13,13,0,3,48,154,0,10,60,30,6.63333333333,8.1,1274,737,False
2352098888,93.0,7.71,399384490,1,2014-02-19 18:39:50,False,False,13973098.142697148,1,0,0.580572289157,True,14,14,0,4,48,143,6,15,40,45,5.95,8.8,1328,771,False
2359857259,65.5,7.14,83139250,1,2014-02-24 18:02:49,False,False,690089.2599536871,1,0,0.580016246954,True,10,10,0,11,36,113,1,5,45,50,5375,9.2,1231,714,False
2385011341,65.55,6.44,407557760,1,2014-03-12 09:56:25,False,False,14094924.251599329,1,0,0.584392014519,True,13,13,0,5,51,106,6,5,60,35,7.40310077519,8.2,1102,644,False
2356067694,69.5,7.22,82695460,1,2014-02-22 09:15:12,False,False,441235.46525064146,1,0,0.57621707901,True,10,10,0,7,51,126,0,15,35,50,4.79411764706,8.9,1253,722,False
2380168394,75.65,7.32222222222,120953877,1,2014-03-09 09:08:40,False,False,847419.93719319,1,0,0.627619047619,True,11,11,0,7,30,90,0,10,50,40,5.06060606061,7.5,1050,659,False
2356107834,56.85,6.75,395928420,1,2014-02-22 09:52:07,False,False,10217893.259984884,1,0,0.583910034602,True,10,10,0,11,48,116,3,10,60,30,7.17,8.4,1156,675,False
2357321658,102.25,7.28,403670100,1,2014-02-23 02:59:12,False,False,15360020.130806632,1,0,0.598192276089,True,14,14,0,12,48,119,11,10,60,30,6.6015625,8.2,1217,728,False
2384415344,76.5,6.53333333333,121106833,1,2014-03-12 00:46:22,False,False,704423.1084672478,1,0,0.555240793201,True,9,9,0,7,39,90,0,20,50,30,6.48275862069,8.5,1059,588,False
2350980398,76.65,7.91,82237910,1,2014-02-19 02:17:50,False,False,524660.9675770536,1,0,0.592953523238,True,14,14,0,7,40,134,0,15,50,35,6.4,8.0,1334,791,False
2356114964,69.25,7.13,411380440,1,2014-02-22 09:55:57,False,False,13180071.470785901,1,0,0.56722354813,True,15,15,0,7,50,120,4,5,40,55,6.11678832117,8.5,1257,713,False
2360484738,78.25,7.36082474227,110596072,1,2014-02-25 04:20:18,False,False,977158.8869554377,1,0,0.585726004922,True,10,10,0,7,39,97,0,0,65,35,4.40476190476,8.5,1219,714,False
2359769258,65.35,7.07,83348110,1,2014-02-24 16:52:08,False,False,527520.5998545365,1,0,0.578559738134,True,12,12,0,9,33,106,0,15,40,45,5.77419354839,8.3,1222,707,False
2265992857,62.8,7.04,396562080,1,2013-12-28 14:32:15,False,False,8117990.960501254,1,0,0.579423868313,True,10,10,0,5,40,144,2,10,45,45,6.82857142857,8.5,1215,704,False
2349182467,97.35,7.96,419374510,1,2014-02-17 22:49:51,False,False,15019677.58023626,1,0,0.581446311176,True,11,11,0,5,48,293,7,25,30,45,6.24545454545,8.4,1369,796,False
2378322306,77.35,7.5487804878,518467524,1,2014-03-08 07:29:45,False,False,11408692.595355703,1,0,0.612265084075,True,15,15,0,6,28,82,3,10,40,50,7.38461538462,7.1,1011,619,False
2357134848,70.45,7.21,102393570,1,2014-02-23 00:07:33,False,False,677232.2861766467,1,0,0.561526479751,True,13,13,0,12,41,110,0,5,25,70,5.66666666667,7.3,1284,721,False
2384832716,91.1,6.93684210526,445514757,1,2014-03-12 07:12:51,False,False,15437565.336936697,1,0,0.578577699737,True,9,9,0,11,43,95,7,0,65,35,4.86538461538,8.7,1139,659,False
2385016405,51.6,6.91666666667,129591607,1,2014-03-12 10:01:37,False,False,728372.6765918855,1,0,0.552281368821,True,14,14,0,2,30,84,0,5,60,35,4.97058823529,7.5,1052,581,False
2351519568,115.1,7.7,412115660,1,2014-02-19 11:08:38,False,False,12585128.244959308,1,0,0.583775587566,True,12,12,0,13,44,142,13,0,55,45,14.7555555556,8.8,1319,770,False
2351728159,85.5,6.98,411435150,1,2014-02-19 13:50:41,False,False,14241354.131889993,1,0,0.629963898917,True,10,10,0,4,46,137,6,0,55,45,8.51,8.0,1108,698,False
2351185693,57.85,7.06,393281450,1,2014-02-19 05:29:09,False,False,8146451.678845645,1,0,0.572587185726,True,10,10,0,6,41,125,2,10,15,75,7.70192307692,7.3,1233,706,False
2359953097,95.6,7.88,411888250,1,2014-02-24 19:36:14,False,False,14616958.76287791,1,0,0.591591591592,True,14,14,0,5,52,133,6,20,35,45,5.88172043011,8.8,1332,788,False
2363606850,108.8,7.4,413477170,1,2014-02-27 04:16:14,False,False,15112001.610285874,1,0,0.574980574981,True,15,15,0,7,52,117,9,10,30,60,6.72077922078,8.3,1287,740,False
2351835457,68.0,7.4,83747530,1,2014-02-19 15:07:52,False,False,624052.7011253516,1,0,0.565749235474,True,9,9,0,11,37,134,0,20,40,40,5.58823529412,7.9,1308,740,False
2361777774,54.7,6.36470588235,126372976,1,2014-02-25 23:12:54,False,False,714600.4787403431,1,0,0.62980209546,True,14,14,0,6,38,85,0,5,45,50,4.91666666667,8.1,859,541,False
2358320191,67.1,7.42,83878770,1,2014-02-23 18:00:15,False,False,799280.7956817428,1,0,0.569018404908,True,12,12,0,9,37,118,0,10,50,40,5.35135135135,8.4,1304,742,False
2359533272,57.05,7.0,102394040,1,2014-02-24 13:51:05,False,False,777619.7636293139,1,0,0.586264656616,True,11,11,0,4,43,111,0,10,65,25,7.2,8.6,1194,700,False
2357901787,55.7,6.79,83590490,1,2014-02-23 11:57:28,False,False,636525.1622042211,1,0,0.6078782453,True,15,15,0,4,46,120,0,15,60,25,6.1935483871,8.7,1117,679,False
2366092718,62.5,6.13,105965400,1,2014-02-28 21:00:18,False,False,953715.5823987622,1,0,0.571828358209,True,13,13,0,9,38,101,0,15,35,50,4.02173913043,7.6,1072,613,False
2366503142,53.35,6.69,83213910,1,2014-03-01 04:19:31,False,False,510569.6045799829,1,0,0.578719723183,True,14,14,0,8,40,116,0,10,45,45,5.2,8.8,1156,669,False
2358835236,62.9,7.21686746988,129221722,1,2014-02-24 02:46:54,False,False,903897.2716814381,1,0,0.626569037657,True,11,11,0,6,33,83,0,15,50,35,5.02702702703,8.0,956,599,False
2382321048,54.05,6.58974358974,137719602,1,2014-03-10 15:46:33,False,False,831381.8300502048,1,0,0.616306954436,True,12,12,0,7,37,78,0,5,35,60,4.66666666667,7.8,834,514,False
2383276729,65.75,7.04494382022,122410865,1,2014-03-11 06:26:06,False,False,973238.8103232358,1,0,0.600574712644,True,10,10,0,3,39,89,0,0,50,50,4.66666666667,8.0,1044,627,False
2375209765,52.6,7.51648351648,119480802,1,2014-03-06 11:08:37,False,False,837247.4565808427,1,0,0.593235039029,True,14,14,0,5,27,91,0,15,45,40,5.02941176471,8.1,1153,684,False
2379106592,63.3,6.59036144578,129390843,1,2014-03-08 18:12:09,False,False,1132084.9782704744,1,0,0.59781420765,True,7,7,0,2,35,82,0,10,40,50,7.95652173913,8.5,915,547,False
2358275202,67.9,7.7,83365390,1,2014-02-23 17:28:43,False,False,454159.0004842467,1,0,0.580256217031,True,15,15,0,6,45,107,0,15,55,30,7.90476190476,9.3,1327,770,False
2361683048,61.6,6.93406593407,119003417,1,2014-02-25 21:37:33,False,False,637047.3963703073,1,0,0.602674307545,True,12,12,0,6,40,91,0,10,55,35,5625,7.7,1047,631,False
2372982972,67.05,7.33,83239560,1,2014-03-05 01:46:36,False,False,574240.8397006346,1,0,0.583134447096,True,12,12,0,10,43,109,0,10,35,55,6.72,8.7,1257,733,False
2359625274,57.4,7.06896551724,123299666,1,2014-02-24 14:59:43,False,False,752713.5941521367,1,0,0.608910891089,True,15,15,0,7,32,87,0,15,35,50,3.80952380952,8.0,1010,615,False
2356733293,93.2,6.99,423000480,1,2014-02-22 18:17:38,False,False,14132031.98673322,1,0,0.565076798707,True,13,13,0,6,40,117,5,15,35,50,6.69714285714,7.9,1237,699,False
2352975686,69.05,7.08,403798980,1,2014-02-20 09:18:45,False,False,10433024.060341524,1,0,0.554424432263,True,15,15,0,3,39,123,2,15,50,35,6.56994818653,7.9,1277,708,False
2353500097,72.6,7.16,422373080,1,2014-02-20 16:37:04,False,False,14283074.898004193,1,0,0.587848932677,True,15,15,0,4,41,121,6,5,65,30,10.1111111111,8.0,1218,716,False
2356775851,103.5,7.68,422370880,1,2014-02-22 18:53:20,False,False,16079997.657798328,1,0,0.58358662614,True,12,12,0,7,51,117,10,20,30,50,7.59574468085,8.5,1316,768,False
2364391710,76.05,6.52,104908580,1,2014-02-27 16:25:57,False,False,714345.937423548,1,0,0.565972222222,True,13,13,0,7,46,102,0,10,45,45,5.51515151515,8.9,1152,652,False
2374855375,54.65,7.40476190476,127810702,1,2014-03-06 05:12:26,False,False,701952.2086581304,1,0,0.632113821138,True,11,11,0,2,32,84,0,10,55,35,4.44186046512,8.8,984,622,False
2350216279,46.2,7.04,82015120,1,2014-02-18 14:37:05,False,False,277146.3930007524,1,0,0.550430023456,True,11,11,0,5,44,137,0,5,55,40,5.33333333333,7.1,1279,704,False
2353197312,65.8,6.72,84300310,1,2014-02-20 12:56:46,False,False,631657.8569237384,1,0,0.581818181818,True,10,10,0,4,46,131,0,25,40,35,5.6,7.5,1155,672,False
2357089274,50.8,6.67,107368120,1,2014-02-22 23:21:58,False,False,631909.3718334459,1,0,0.569598633646,True,13,13,0,2,41,101,0,10,50,40,5.37142857143,8.9,1171,667,False