a_id,average_lenth_from_tweets,average_number_words_per_tweet,average_time_between_tweets,creation_content_sources,creation_date,default_profile,default_profile_image,desviacion_tipica_average_tweet_time,isabot,last_24_hours_tweet,lexical_diversity,location,name,name_length,name_letters_amount,name_numbers_amount,number_of_hashtags,number_of_mentions,number_of_tweets,number_of_urls,ratio_friends_followers,smog_index,total_number_of_words,total_unique_words,verified
1502026416,13.4,1.28,112930310,1,2013-06-11 11:20:35,False,False,1506354.4316766383,0,0,0.780487804878,True,0918Bask,8,4,4,0,46,3739,6,1.25454545455,0,164,128,False
2492782375,99.6,3.65,3159290,2,2014-05-13 10:37:57,False,False,14102.658917647408,0,0,0.771670190275,True,1120Roll,8,4,4,5,84,12772,50,1.82352941176,8.5,473,365,False
293212315,83.26315789473684,7.2,775726110,2,2011-05-04 23:30:37,False,False,16262352.43461477,0,0,0.592592592593,True,keke_brooke,11,4,0,9,64,1866,34,0.723140495868,8.8,1215,720,False
3020965143,72.4,6.88,615633750,3,2015-02-06 04:10:49,True,False,8356843.898651268,0,0,0.589545844045,True,191a5bd05da04dc,15,1,3,9,70,140,17,3.95833333333,8.6,1167,688,False
2157382005,82.0,7.74,13081270,2,2013-10-28 16:08:18,False,False,77646.00139625672,0,1,0.583270535041,True,19_Joanne_87,12,6,2,17,77,56834,36,0.684388593523,9.7,1327,774,False
1947320929,78.95,8.05,94990650,1,2013-10-08 15:59:30,False,False,571943.8660118033,0,1,0.560584958217,True,1Dniallprincess,15,14,1,2,91,15363,38,0.0855683269476,9.3,1436,805,False
255846106,55.6,5.5,6061490,2,2011-02-22 04:37:34,False,False,20707.217435655133,0,18,0.567595459236,True,1GisellePizarro,15,14,1,15,18,86011,16,0.240896358543,7.9,969,550,False
1733095801,85.0,6.39,106273940,1,2013-09-05 20:52:02,True,False,405349.4214798481,0,0,0.649390243902,True,1Nicoleromany,13,12,1,24,75,9528,65,0.33273381295,10.2,984,639,False
1336097480,74.2,6.46,84467440,2,2013-04-08 08:37:42,False,False,2360461.3942627674,0,0,0.63645320197,True,1_DErika,8,6,1,7,69,5938,22,0.693661971831,9.8,1015,646,False
32988810,99.5,4.73,594315510,2,2009-04-18 19:46:36,False,False,5426641.807553936,0,0,0.356711915535,True,2cdevelopment,13,12,1,5,98,4583,16,0.912698412698,9.0,1326,473,False
21959183,104.65,9.52,61573050,2,2009-02-26 02:33:21,False,False,586489.6760962124,0,1,0.579427875837,True,2hip4tv,7,3,1,35,44,13090,57,0.921037628278,11.4,1643,952,True
1553611423,62.2,6.77,32785450,2,2013-06-28 17:14:55,False,False,291904.6528214478,0,4,0.685222672065,True,paatchuaa,9,9,0,1,73,25557,21,0.760736196319,8.2,988,677,False
348080571,121.95,9.41,629455030,1,2011-08-03 21:05:06,False,False,8216249.393507231,0,0,0.61826544021,True,510Daniel,9,6,3,39,100,324,39,3.02127659574,9.0,1522,941,False
839690880,124.0,8.23,44064000,2,2012-09-22 12:50:00,False,False,301690.46634985006,0,1,0.525542784163,True,51TalkPH,8,6,2,54,40,4206,74,0.0542682926829,9.1,1566,823,False
143687056,70.5,5.52,2137660,1,2010-05-14 04:08:41,False,False,5244.01750449977,0,36,0.506422018349,True,asummer_seavey,14,7,0,3,83,9149,17,1.09214250854,8.9,1090,552,False
2291421004,53.25,4.5,5133090,1,2014-01-19 10:38:59,False,False,8017.935388084641,0,34,0.523864959255,True,hookedteigan,12,12,0,4,77,13283,20,0.199251637044,7.3,859,450,False
225241810,69.3,7.52,102085220,1,2010-12-11 02:33:14,False,False,505288.9402246006,0,0,0.575803981623,True,Tenisestarr,11,11,0,6,63,14377,28,1.22368421053,8.5,1306,752,False
52929021,61.7,6.39,4275460,1,2009-07-02 01:48:26,False,False,27488.646516516594,0,1,0.677624602333,True,RosarioHackshaw,15,15,0,1,78,93153,17,0.438905547226,8.5,943,639,False
325967359,94.78947368421052,8.79,166262220,1,2011-06-29 04:44:21,False,False,3259613.6563961976,0,0,0.642543859649,True,9_t_8,5,1,1,11,74,21590,36,0.0655594405594,9.3,1368,879,False
585912212,80.65,7.54,24780130,1,2012-05-20 19:09:52,False,False,146487.06631324146,0,4,0.62938230384,True,A1_Ade,6,1,1,2,77,28133,40,0.476821192053,8.8,1198,754,False
2419936286,48.4,4.65,16105580,1,2014-03-31 03:47:30,False,False,146235.5332722779,0,3,0.616710875332,True,AA12,4,2,2,0,74,7660,13,0.0106039386058,7.6,754,465,False
262531823,88.6,9.63,180000,1,2011-03-08 06:40:22,False,False,2310.181669804347,0,100,0.640292553191,True,AB_Views,8,2,0,4,69,373627,36,0.0891304347826,9.1,1504,963,False
226315121,77.05,8.23,41713040,2,2010-12-13 21:40:42,False,False,299899.6155449519,0,1,0.64905362776,True,ACastiella,10,10,0,12,89,13264,52,1.6017699115,10.9,1268,823,False
492649414,136.9,6.75,5885900,2,2012-02-14 23:42:32,False,False,48056.59396573482,0,14,0.364274150027,True,Desastres_ADN,13,9,0,25,43,137036,80,0.126908899421,10.5,1853,675,False
56554591,81.21052631578948,7.67,132722070,2,2009-07-14 00:55:42,False,False,2821904.0147082666,0,0,0.552195824334,True,AJCertified1,12,11,1,9,67,17738,49,0.984505363528,10.8,1389,767,False
85193539,89.75,8.86,10342410,3,2009-10-25 23:46:57,False,False,44859.608534850144,0,13,0.606019151847,True,IdahoLark,9,9,0,6,73,42893,50,0.82634587899,9.8,1462,886,False
166211662,62.75,5.75,23227410,1,2010-07-13 16:21:01,False,False,162162.73226897727,0,4,0.580808080808,True,ANDRESOHYES,11,11,0,2,44,116981,35,0.582116788321,8.4,990,575,False
2765166293,72.05,7.69,17776610,2,2014-09-09 00:24:35,True,False,135472.37800466927,0,5,0.601250977326,True,Tzap_5,6,4,1,2,97,3169,69,1.0,9.1,1279,769,False
69991603,56.45,6.56,100273450,1,2009-08-29 23:29:57,False,False,737391.0237017586,0,0,0.621800947867,True,AYODELE7,8,7,1,4,36,772,30,1.02083333333,9.5,1055,656,False
357747403,67.8,7.05,42711080,2,2011-08-18 21:01:43,False,False,178747.59161171934,0,5,0.783333333333,True,A_AlRuwaieh,11,1,0,4,67,2318,45,0.978260869565,8.5,900,705,False
1141299306,25.55,4.04,2461220,2,2013-02-02 02:51:27,False,False,6412.801418062156,0,33,0.744014732965,True,aaaronpogiii,12,12,0,9,44,72869,31,0.293088363955,9.4,543,404,False
37407255,119.25,10.46,2976520,2,2009-05-03 12:17:01,False,False,12607.808594279975,0,37,0.634708737864,True,Aagan86,7,5,2,30,63,327713,58,0.0481001341082,10.4,1648,1046,True
112295272,130.15,11.68,18045340,2,2010-02-07 23:56:34,False,False,30667.86367824632,0,17,0.593797661413,True,AankhiGM,8,8,0,13,77,22261,40,0.0703393999016,10.5,1967,1168,False
208664282,91.9,8.61,159873870,2,2010-10-27 17:57:56,False,False,1310112.8366219224,0,0,0.675294117647,True,Aashu_Salotra,13,5,0,16,59,14933,48,0.38431372549,8.8,1275,861,False
348393966,76.15789473684211,6.86,71463180,3,2011-08-04 10:45:50,True,False,527524.2766751129,0,0,0.493170381021,True,Abbdulla_,9,8,0,2,64,24355,59,0.484400656814,9.5,1391,686,False
1245621752,108.4,8.39,354004600,2,2013-03-06 08:50:36,False,False,3130691.8027018,0,0,0.587535014006,True,AbijahGupta,11,11,0,12,58,3908,81,0.0208631037439,9.6,1428,839,False
329481796,54.75,5.23,116250570,2,2011-07-05 04:34:40,False,False,1130620.63463768,0,0,0.60884749709,True,Abikikime,9,9,0,1,70,6913,9,1.17272727273,8.6,859,523,False
131043638,96.45,7.68,157976230,1,2010-04-09 03:07:55,False,False,1220946.8024607582,0,0,0.490108487556,True,TruthFactsNet,13,13,0,1,33,4150,24,1125,8.5,1567,768,False
150183040,67.44444444444444,6.16,716688490,3,2010-05-31 08:46:49,True,False,28773621.967339747,0,0,0.582230623819,True,AbramxJosiah,12,12,0,4,54,4615,13,1.23348017621,7.9,1058,616,False
91287122,79.35,8.29,4678860,1,2009-11-20 06:48:12,False,False,36407.580987034824,0,14,0.563179347826,True,Abubakerrr1,11,10,1,6,91,52342,41,0.879616963064,9.9,1472,829,False
2244762307,49.55,5.57,286938760,1,2013-12-14 00:59:39,False,False,1723475.8912978296,0,0,0.666267942584,True,Acy_Canono23,12,3,2,10,3,512,13,1.35069444444,8.1,836,557,False
344457551,56.75,6.63,41950960,1,2011-07-29 02:54:50,False,False,173640.64342453785,0,0,0.661676646707,True,Adam_Loko116,12,4,3,1,61,56856,54,0.753213367609,8.7,1002,663,False
2360378178,117.5,9.37,43784900,1,2014-02-25 02:47:04,True,False,232378.0903881431,0,1,0.602572347267,True,Addie_bo_baddie,15,5,0,6,98,4710,54,0.530864197531,11.0,1555,937,False
2400711853,80.65,7.92,670026260,3,2014-03-21 01:12:05,False,False,13136644.5091298,0,0,0.654004954583,True,AdityoHassan,12,12,0,47,42,3762,73,1.22667588113,9.3,1211,792,False
32494880,101.85,8.05,22921860,3,2009-04-17 17:44:34,False,False,124546.34942883713,0,3,0.649193548387,True,Adralicious,11,11,0,55,5,10027,81,0.988978692138,9.7,1240,805,False
2362812823,76.85,6.76,16052130,1,2014-02-26 15:03:49,False,False,214061.65401362174,0,0,0.597173144876,True,AdriUmbreon,11,11,0,1,77,16021,52,0.768348623853,10.5,1132,676,False
86565348,84.45,8.64,3638750,1,2009-10-31 17:11:53,False,False,5017.834744937302,0,73,0.683544303797,True,Advcate007,10,7,3,15,68,83190,25,0.667579908676,8.2,1264,864,False
250207934,60.2,6.82,81187680,1,2011-02-10 16:50:55,False,False,497677.43931336695,0,0,0.732545649839,True,AfnanAK,7,7,0,14,80,26306,18,0.605194805195,7.6,931,682,False
238040058,86.55,8.22,16327060,2,2011-01-14 06:27:01,True,False,71550.57533423473,0,1,0.587142857143,True,davidragee,10,10,0,7,61,18401,49,2.16444444444,9.2,1400,822,False
1376257824,102.5,8.7,53155000,5,2013-04-24 05:45:43,False,False,299048.7643288298,0,0,0.645400593472,True,AgyapasJordan,13,13,0,33,85,5935,75,1.24514563107,9.7,1348,870,False
714550385,81.4,8.53,13674830,3,2013-10-14 14:49:40,False,False,126021.62714332013,0,9,0.549967762734,True,AhmadWaleed4568,15,11,4,30,65,17241,51,0.20652173913,9.2,1551,853,False
474152548,84.7,6.77,425008820,2,2012-01-25 18:10:35,False,False,6210964.290579003,0,0,0.635680751174,True,AirJordan136,12,9,3,30,77,20752,50,1.16989066442,10.0,1065,677,False
1373517728,101.35,7.13,5126280,2,2013-04-23 01:32:11,False,False,20003.981517375487,0,19,0.58109209454,True,AkheemV,7,7,0,3,61,118997,42,0.882445141066,10.2,1227,713,False
177906959,118.85,11.14,482784880,1,2010-08-13 10:53:42,False,False,6026143.800099175,0,0,0.653755868545,True,Akhtarul_Iman,13,8,0,24,76,994,36,2.40462427746,10.1,1704,1114,False
2248762537,96.9,7.88,15211660,1,2013-12-16 13:27:47,True,False,176395.31127778738,0,3,0.659966499162,True,RealisticHuman,14,14,0,0,52,21763,51,0.320699708455,9.5,1194,788,False
462534253,80.65,7.88,9154260,2,2012-01-13 01:58:00,False,False,44743.83160794345,0,17,0.607555898227,True,Al_FSU,6,2,0,6,59,37766,53,0.915304606241,9.6,1297,788,False
93941188,94.8,8.15,81692240,2,2009-12-01 20:54:37,False,False,889269.8855873438,0,0,0.672442244224,True,AlaskaAmy,9,9,0,7,27,4538,78,1.08510638298,11.5,1212,815,False
22437394,44.2,3.86,4175570,2,2009-03-02 02:05:44,False,False,24892.59639827674,0,4,0.668977469671,True,AlbertoDefa,11,11,0,3,72,52511,6,0.0205546492659,9.5,577,386,False
1195136336,34.31578947368421,4.18,4450170,1,2013-02-18 22:36:27,True,False,1616.5436265065325,0,0,0.654147104851,True,Albertopurple,13,13,0,0,33,19479,1,1.1269035533,6.3,639,418,False
578904059,94.5,8.43,342092170,3,2012-05-13 12:11:09,False,False,4571532.4725899,0,0,0.715012722646,True,AleksandrValeev,15,15,0,60,6,17626,86,0.295953757225,8.6,1179,843,False
454183646,33.26315789473684,5.69,426112080,1,2012-01-03 18:25:34,False,False,3194391.546822798,0,0,0.591476091476,True,AlexBevannn,11,11,0,4,55,8706,23,0.507645259939,9.5,962,569,False
318040219,59.78947368421053,8.71,195140130,2,2011-06-15 21:32:42,False,False,791096.6327248443,0,0,0.644230769231,True,Alex_Senior1,12,4,1,4,86,7913,50,0.760814249364,9.6,1352,871,False
558782771,98.9,9.59,11869820,2,2012-04-20 16:54:44,False,False,240947.79356005733,0,3,0.562133645955,True,LexSeasTheDay,13,13,0,3,64,10844,52,1.42148760331,10.2,1706,959,False
50034798,59.95,4.93,12392560,3,2009-06-23 17:11:58,False,False,55386.459754709,0,1,0.705293276109,True,Alicia_CEO,10,6,0,5,6,24173,80,3.38826466916,9.4,699,493,False
2574200442,59.9,6.36,54478150,1,2014-06-18 05:42:51,False,False,377623.2516945262,0,0,0.569382273948,True,Alivnna,7,7,0,2,43,22727,23,0.541353383459,8.6,1117,636,False
53114456,111.1,9.4,204360710,1,2009-07-02 16:42:05,False,False,1132529.1801364445,0,0,0.510037981552,True,Aliyah_Khan1,12,6,1,14,71,9510,35,0.183162684869,9.7,1843,940,False
1495594020,85.35,9.37,86684310,2,2013-06-09 13:33:02,False,False,455987.9114535165,0,0,0.626336898396,True,AllMakEvrything,15,15,0,3,78,2703,61,0.922077922078,9.8,1496,937,False
1387377110,92.35,7.03,164486550,1,2013-04-28 16:44:04,True,False,20708.495937416603,0,0,0.5800330033,True,AllyRamon_,10,9,0,3,70,4956,70,0.89552238806,11.2,1212,703,False
489714722,75.25,5.0,49988110,2,2012-02-11 20:20:44,False,False,303107.4699241632,0,0,0.620347394541,True,Almina_AB,9,6,0,29,45,2195,90,4.65432098765,11.0,806,500,False
64534012,48.75,5.62,8829910,1,2009-08-10 22:22:34,False,False,73805.9272873629,0,6,0.612868047983,True,LonsoUchiha,11,11,0,4,32,22577,41,0.943452380952,8.6,917,562,False
138472981,111.2,8.37,253933140,2,2010-04-29 16:56:32,True,False,4564198.1793628335,0,0,0.569387755102,True,Alps_Sarsis,11,4,0,2,91,2814,23,1.90845070423,8.5,1470,837,False
1727495887,43.76470588235294,4.32,548022060,1,2013-09-04 03:40:00,True,False,6057397.757294391,0,0,0.684627575277,True,Alsagermaha,11,11,0,11,41,2756,48,0.531914893617,9.5,631,432,False
440901699,109.65,9.1,30597820,1,2011-12-19 14:47:57,False,False,226554.8515668998,0,5,0.537825059102,True,AlvarezCasandra,15,15,0,0,96,27824,57,0.616417910448,9.6,1692,910,False
185216671,86.15,8.85,39257880,3,2010-08-31 13:46:05,False,False,269232.74721658585,0,0,0.66742081448,True,AlvaroKrus,10,10,0,12,72,21667,56,1.64302600473,10.2,1326,885,False
32831822,105.4,8.53,62742650,2,2009-04-18 08:19:02,False,False,254473.23104060965,0,0,0.659196290572,True,Alwayscharlie,13,13,0,12,75,25027,50,0.406957928803,10.7,1294,853,False
2938551012,76.35,0.16,789012870,1,2014-12-21 19:45:06,True,False,4712391.446251796,0,0,0.0166666666667,True,Alyssawizard101,15,12,3,0,0,1112,100,1.21296296296,12.2,960,16,False
241347721,127.7,11.09,251247030,2,2011-01-22 01:48:16,False,False,657439.7249655267,0,2,0.586462189318,True,AlzadoKnows,11,11,0,2,93,2994,44,1.28449502134,10.2,1891,1109,False
20301520,80.65,8.74,235693470,2,2009-02-07 09:44:01,True,False,954445.8581423294,0,0,0.610335195531,True,Natobay,7,7,0,39,62,1838,31,5.16058394161,9.3,1432,874,False
49709134,88.35,7.08,384527230,2,2009-06-22 18:04:31,False,False,2234542.1846099393,0,0,0.534339622642,True,MaahiKaPapa,11,11,0,8,75,21841,21,0.29347826087,8.3,1325,708,False
392080330,98.4,7.75,91751860,1,2011-10-16 14:40:14,True,False,820882.0005408268,0,2,0.577066269546,True,AmandaGrace97,13,11,2,5,87,14251,55,0.834763948498,10.1,1343,775,False
2257926470,74.45,8.26,22870510,1,2013-12-22 16:53:47,False,False,159026.78412244743,0,1,0.653481012658,True,Ambre_Snk,9,5,0,7,73,25314,39,0.482632541133,8.8,1264,826,False
96815122,99.15,10.1,86324730,2,2009-12-14 18:39:40,False,False,408174.35937751835,0,1,0.562360801782,True,Amit25may,9,4,2,13,63,5083,19,0.568914956012,9.0,1796,1010,False
120833703,115.75,10.35,38885480,1,2010-03-07 18:10:17,False,False,206936.69853254038,0,2,0.626513317191,True,AmmeGrace,9,9,0,34,57,6970,73,0.888375165125,10.2,1652,1035,False
22798846,73.75,8.43,71868960,2,2009-03-04 16:55:35,False,False,335101.31950320635,0,4,0.619397501837,True,AmyAhnSully,11,11,0,27,68,17597,38,1.66373626374,10.6,1361,843,False
381753637,77.7,5.59,9200480,2,2011-09-28 21:46:53,True,False,32426.259105044788,0,7,0.555114200596,True,Anafan2,7,6,1,27,86,35537,49,0.507507507508,12.5,1007,559,False
2718118608,113.95,9.44,8624920,2,2014-08-08 22:48:50,False,False,58530.862797224334,0,8,0.638700947226,True,AnalSystemist,13,13,0,18,88,12068,38,1.30952380952,9.8,1478,944,False
1194760087,87.4,8.4,9455220,3,2013-02-18 20:11:15,False,False,86866.90012534981,0,0,0.569877883311,True,AndrewGortonWx,14,14,0,8,48,9021,69,0.643567639257,10.1,1474,840,True
3140424071,96.7,4.94,201314200,1,2015-04-06 13:40:28,False,False,2448967.1067617694,0,0,0.310301507538,True,Andrew_Andries,14,6,0,9,99,244,100,2.73684210526,7.2,1592,494,False
434832511,55.35,4.7,1124092200,1,2011-12-12 11:08:18,True,False,3460612.1038334947,0,0,0.55753262159,True,AndyChatlani,12,12,0,30,83,224,25,5.88461538462,10.2,843,470,False
468080275,83.9,7.19,11185920,1,2012-01-19 04:41:15,True,False,69582.87729210038,0,1,0.5410082769,True,AngelOdom,9,9,0,2,55,7720,31,0.722871452421,8.8,1329,719,False
622956477,28.0,5.0,0,1,2012-06-30 14:52:22,False,False,0.0,0,0,1.0,True,sariahbennet,12,12,0,0,1,1057,0,1.41095890411,0,5,5,False
149723283,58.8,7.0,7413750,1,2010-05-30 02:05:18,False,False,65878.2319089356,0,6,0.577557755776,True,GeloCarter,10,10,0,5,35,50127,18,0.577827191868,8.7,1212,700,False
2311184364,47.8,5.84,8242150,2,2014-01-26 04:39:04,False,False,43361.20473891379,0,0,0.680652680653,True,angieroquino,12,12,0,0,31,5628,13,1.28571428571,7.3,858,584,False
2251878995,108.85,9.11,18136660,1,2013-12-30 11:37:30,False,False,293543.0195180257,0,2,0.611409395973,True,KeshaCabeYo,11,11,0,3,99,13466,51,1.21720430108,9.9,1490,911,False
2378140945,78.7,5.89,44040630,3,2014-03-08 04:34:16,False,False,381783.0780886543,0,0,0.72896039604,True,Anis_SGL,8,4,0,21,77,11293,35,1.23780487805,10.3,808,589,False
519445792,41.78947368421053,4.93,555065230,1,2012-03-09 12:31:08,False,False,5581380.081120867,0,0,0.589008363202,True,AnjaSaade,9,9,0,22,63,29531,23,0.748383303939,9.3,837,493,False
252882696,81.15789473684211,7.46,246592410,2,2011-02-16 03:14:35,False,False,3116880.4718721285,0,0,0.524613220816,True,AnnaAheli,9,9,0,3,22,15634,5,2.08574610245,7.9,1422,746,False
41950696,122.15,10.18,810850020,1,2009-05-23 01:57:30,False,False,8646170.495271172,0,0,0.612883804937,True,AnnaLMiller,11,11,0,71,66,651,78,1.99456521739,9.9,1661,1018,False
2941150861,75.82352941176471,6.93,36938520,1,2014-12-23 20:29:30,False,False,77897.54153042591,0,0,0.6015625,True,EyesGary,8,8,0,4,48,3583,33,1.28244274809,8.9,1152,693,False
484522355,114.2,10.4,2963080,1,2012-02-06 06:17:30,False,False,36487.22170719497,0,10,0.614657210402,True,AnupamkPandey,13,13,0,30,89,135733,27,0.0342228769141,12.2,1692,1040,True
1874015534,86.65,8.47,24671920,1,2013-09-17 03:51:30,True,False,269269.3338356412,0,0,0.599858356941,True,AnuraagKalluri,14,14,0,3,80,5664,49,0.96682464455,9.3,1412,847,False
59689509,103.47368421052632,8.83,7482140,1,2009-07-24 04:27:57,True,False,65585.31134880905,0,10,0.597833446175,True,AraCekyan,9,9,0,1,73,11382,48,0.767676767677,10.5,1477,883,False
1897930380,99.95,9.57,411783620,1,2013-09-23 17:46:27,True,False,5049886.326691428,0,0,0.569982132222,True,Araceli94999080,15,7,8,27,99,1112,36,8.31111111111,9.6,1679,957,False
58702972,62.4,7.29,124012110,1,2009-07-21 04:24:36,False,False,814260.1715009705,0,0,0.574921135647,True,AriDQ,5,5,0,5,41,7183,21,0.858156028369,8.1,1268,729,False
3164941860,92.75,8.07,493485550,1,2015-04-20 07:28:31,True,False,19638603.227085814,0,0,0.583936324168,True,ArianaReweti,12,12,0,38,97,1274,62,9.98611111111,10.1,1382,807,False
110122113,84.5,7.58,554358890,2,2010-01-31 12:15:43,False,False,2532279.458526381,0,0,0.628003314002,True,ArianeTan,9,9,0,6,37,10304,16,0.858426966292,8.6,1207,758,False
866157062,124.85,9.82,1230100,1,2012-10-07 11:06:54,False,False,5611.546368649197,0,61,0.619558359621,True,ArmandVervaeck,14,14,0,40,74,136357,38,0.750619322874,10.4,1585,982,False
231257304,123.65,9.35,634790,2,2010-12-28 01:32:48,False,False,4216.388650255097,0,100,0.597062579821,True,Armunho,7,7,0,6,83,337636,52,0.113154831199,11.8,1566,935,False
208913421,62.5,8.0,439307160,2,2010-10-28 05:07:29,False,False,4973624.432748045,0,1,0.655737704918,True,ArrahQ,6,6,0,24,65,1539,28,0.901734104046,7.3,1220,800,False
229875064,73.4,6.62,199606510,3,2010-12-23 15:34:31,False,False,5106546.050855446,0,0,0.643343051506,True,ArthurKassel,12,12,0,12,92,1134,18,3.34375,8.5,1029,662,False
341900539,74.3,8.09,31202320,1,2011-07-25 04:09:26,False,False,80587.2425316036,0,3,0.571327683616,True,alexandrialscot,15,15,0,1,70,11787,39,0.743295019157,9.3,1416,809,False
136245387,133.05,10.14,3644500,1,2010-04-23 11:51:49,False,False,9130.263202668366,0,41,0.49828009828,True,Aru_MUFC,8,3,0,40,100,85729,38,0.302295918367,10.2,2035,1014,False
745638440,62.85,5.01,87980440,2,2012-08-08 17:47:25,False,False,388424.1779027665,0,0,0.558528428094,True,_marclemore_,12,10,0,2,53,16863,34,0.735483870968,9.2,897,501,False
1544322560,49.85,5.85,37198040,1,2013-06-24 23:21:19,True,False,184002.04222059602,0,0,0.672413793103,True,AshGoesDeep,11,11,0,3,68,55601,29,0.889212827988,8.3,870,585,False
119112245,87.55,7.5,1439835260,2,2010-03-02 18:16:46,True,False,20235772.788561665,0,0,0.627615062762,True,Ashleystrasburg,15,15,0,67,13,357,71,1.82119205298,8.7,1195,750,False
368134512,69.95,6.75,37971140,2,2011-09-05 04:17:43,False,False,348933.4150608501,0,1,0.556930693069,True,Ashleywingender,15,15,0,8,55,9932,16,2.52403846154,6.9,1212,675,False
2152052819,74.5,5.51,8361650,1,2013-10-25 04:33:13,False,False,10190.7052056028,0,28,0.5751565762,True,MobBarlay,9,9,0,0,34,11038,25,0.954545454545,7.6,958,551,False
634704287,54.8,5.35,543830540,2,2012-07-13 16:49:05,False,False,15176448.938073136,0,0,0.583424209378,True,AsmaMMostafa,12,12,0,3,40,6509,38,0.453874538745,9.2,917,535,False
2557136665,84.05,8.55,15079190,2,2014-06-09 16:13:21,False,False,100861.37691717032,0,2,0.595403899721,True,AsumJessen,10,10,0,11,63,7183,44,0.908536585366,9.5,1436,855,False
92999280,103.7,8.51,12604880,1,2009-11-27 16:26:54,False,False,96293.66271062441,0,1,0.610035842294,True,Atherworld,10,10,0,14,82,43236,33,0.777777777778,10.2,1395,851,False
372835779,75.6,7.87,84527940,2,2011-09-13 14:17:41,False,False,586287.4549363989,0,0,0.621642969984,True,Auhbell,7,7,0,4,77,4924,41,0.778711484594,9.5,1266,787,False
1858934186,65.15,6.73,51111100,1,2013-09-13 00:06:40,False,False,368563.9137104276,0,1,0.59295154185,True,AustinAvent,11,11,0,6,84,29807,50,0.396248339973,9.0,1135,673,False
282427769,83.5,7.4,55340570,1,2011-04-15 05:48:11,True,False,415914.34931442316,0,0,0.590111642743,True,AustinC3,8,7,1,14,68,18554,46,0.827195467422,9.6,1254,740,False
40219052,78.85,9.22,15465580,1,2009-05-15 11:10:24,False,False,60089.79363752217,0,1,0.599090318389,True,Malookiyat,10,10,0,5,33,34465,31,0.860841423948,8.6,1539,922,False
1408912964,107.7,7.94,20009410,1,2013-05-06 22:58:56,True,False,152923.3009758405,0,1,0.530394121576,True,AveryThatsMe,12,12,0,1,87,5889,47,1.49714285714,8.9,1497,794,False
777083114,59.65,6.86,10433610,1,2012-08-24 00:48:17,False,False,33328.263946536434,0,16,0.69014084507,True,AwesomeRalphJay,15,15,0,2,53,28040,19,0.587234042553,8.9,994,686,False
24080811,89.25,7.28,2168460,3,2009-03-13 00:16:06,False,False,36492.40327533938,0,2,0.613310867734,True,Awesomenezz,11,11,0,6,74,235085,66,0.0720600053576,10.7,1187,728,False
990963038,76.65,6.54,148739930,2,2012-12-05 13:37:51,False,False,4182487.8583560754,0,0,0.612359550562,True,AyGretel,8,8,0,18,75,258,45,6.23529411765,9.5,1068,654,False
110928853,65.05,7.2,14625760,3,2010-02-03 07:01:41,False,False,146700.86949738915,0,2,0.648064806481,True,Ayu,3,3,0,5,66,53534,39,0.0159848564518,9.7,1111,720,False
2799099042,64.85,7.86,191990320,1,2014-09-09 03:43:19,True,False,1829516.2472367361,0,0,0.599542334096,True,BDubsJrII,9,9,0,12,54,5059,54,1.18545454545,8.8,1311,786,False
400983194,91.25,8.23,17177820,1,2011-10-29 21:36:39,False,False,102284.10800075444,0,0,0.60381511372,True,BKurtB,6,6,0,29,87,18663,62,0.585271317829,10.4,1363,823,False
14587971,93.7,8.29,437335800,2,2008-04-29 17:50:12,False,False,3123902.3399387547,0,0,0.613619541081,True,BRILLiantTV,11,11,0,51,63,1700,60,1.33542600897,9.7,1351,829,False
121976265,59.8,5.99,8657450,2,2010-03-11 05:53:44,False,False,27691.468403237486,0,17,0.620082815735,True,BabeAtSea,9,9,0,2,94,28910,23,1.49469964664,8.7,966,599,False
2914171005,67.3,5.6,428193120,3,2014-12-10 18:57:45,True,False,6332826.207994296,0,0,0.61135371179,True,BadGalDanique,13,13,0,13,32,918,27,1.04928131417,8.1,916,560,False
33764583,68.65,7.9,576932520,2,2009-04-21 01:55:15,False,False,3439665.490058305,0,0,0.607225211376,True,BaileyJaworski,14,14,0,15,48,2613,22,0.975308641975,9.4,1301,790,False
420189045,58.6,5.76,512319980,3,2011-11-24 09:14:39,True,False,8202693.633207304,0,0,0.603773584906,True,BallForGOd24,12,10,2,19,47,9356,7,1.08574277168,8.0,954,576,False
1668189836,84.9,9.1,4700960,1,2013-08-13 16:09:18,False,False,15111.40301428031,0,24,0.586340206186,True,BanaTwal,8,8,0,12,94,22600,58,0.941176470588,8.3,1552,910,False
375299270,52.526315789473685,5.75,91395170,1,2011-09-17 21:43:34,False,False,1800269.017693817,0,0,0.573280159521,True,ThatOneTraveler,15,15,0,2,41,3372,11,2.6,7.6,1003,575,False
1465761582,44.45,4.77,50253540,2,2013-05-28 22:02:10,False,False,451287.1361731769,0,0,0.651639344262,True,Bann_Dot,8,4,0,2,54,35200,32,0.528375733855,7.5,732,477,False
44686891,113.95,10.48,435830,1,2009-06-04 18:49:14,False,False,265.70782355813316,0,100,0.58810325477,True,Barbie892,9,6,3,13,98,257242,36,0.981121898598,10.3,1782,1048,False
33212890,127.8,8.82,10038690,1,2009-04-19 14:38:04,False,False,48280.47261947629,1,9,0.590756865372,True,ElisaDospina,12,12,0,28,82,34146,37,0.107428514297,12.0,1493,882,True
39773427,85.35,7.54,596138220,3,2009-05-13 15:34:41,False,False,6771400.578590047,1,0,0.608555286521,True,Vladimir65,10,8,2,34,65,25769,30,1.32786885246,10.2,1239,754,False
57007623,94.3,9.77,53206830,1,2009-07-15 12:55:03,False,False,489852.46503661433,1,0,0.61523929471,True,RafielaMorales,14,14,0,26,50,8547,30,0.828920570265,10.5,1588,977,False
96435556,61.25,6.69,4111420,2,2009-12-12 22:53:04,False,False,27910.558441699082,1,13,0.637750238322,True,Marianocrt,10,10,0,0,4,50311,88,1.70632911392,12.2,1049,669,False
177671726,98.0,9.83,1327042360,3,2010-08-12 19:31:28,False,False,24850197.03928816,1,0,0.570185614849,True,RobertoBoscaini,15,15,0,33,82,264,31,4.52173913043,10.3,1724,983,False
223945761,104.1,6.85,3313370,1,2010-12-07 19:08:04,False,False,10970.108745472855,1,25,0.407980941036,True,ilsaggiolibro,13,13,0,0,0,170893,100,0.0185120502969,12.3,1679,685,False
237178034,76.3,8.71,34626030,1,2011-01-12 07:35:22,False,False,175120.15233332655,1,0,0.582998661312,True,Camillesr78,11,9,2,3,4,2521,2,0.766695861616,10.9,1494,871,False
237201814,82.15,8.81,39672010,1,2011-01-12 09:18:38,False,False,179596.36059884398,1,0,0.592069892473,True,Adelabx71,9,7,2,5,5,2825,2,1.1417498778,9.4,1488,881,False
237226175,92.75,9.31,40703970,1,2011-01-12 11:00:59,False,False,174758.11893846304,1,0,0.60651465798,True,Adelahu83,9,7,2,3,9,2725,3,0.889108505998,9.8,1535,931,False
237234251,60.6,8.42,2212290,1,2011-01-12 11:31:54,False,False,2270.650469701481,1,0,0.580689655172,True,Giuliafranchi87,15,13,2,6,0,1326,2,0.792410571447,9.0,1450,842,False
240706202,88.36842105263158,8.68,37416030,1,2011-01-20 15:10:01,False,False,220834.54621749258,1,0,0.609550561798,True,ilpoetadel,10,10,0,4,3,7572,4,1.17477023421,9.8,1424,868,False
260649579,62.9,5.89,28512010,1,2011-03-04 09:03:56,True,False,172583.91239176234,1,0,0.485572959604,True,iinokinji,9,9,0,92,0,31246,0,0.0115511551155,11.7,1213,589,False
282659109,123.25,7.91,42413950,1,2011-04-15 16:57:53,False,False,350627.5854159616,1,0,0.380288461538,True,Sconton,7,7,0,0,0,65956,99,0.280991735537,13.7,2080,791,False
299988118,65.26315789473684,5.62,351059440,1,2011-05-17 00:52:11,False,False,3518777.1355445576,1,0,0.536771728749,True,PeterLaliOK,11,11,0,2,17,10896,17,4.87132352941,9.9,1047,562,False
327060670,107.85,8.72,617752300,3,2011-06-30 22:59:43,True,False,8020004.64345199,1,0,0.590785907859,True,Airolf,6,6,0,5,2,27714,94,0.860038069645,11.0,1476,872,False
336996257,125.25,11.48,786120,1,2011-07-17 08:10:34,False,False,2296.2756890234236,1,100,0.688662267546,True,RosannaMarani,13,13,0,39,80,254014,63,0.161873156342,11.3,1667,1148,False
357536147,135.05,10.92,55333340,1,2011-08-18 14:33:51,False,False,300272.34998612094,1,0,0.612450925407,True,ipgwarehouse,12,12,0,93,24,385,97,0.260717846461,13.7,1783,1092,False
393927847,107.0,15.0,0,1,2011-10-19 09:26:05,False,False,0.0,1,0,0.833333333333,True,ClaudiaMora84,13,11,2,1,1,41,0,0.688111888112,0,18,15,False
418501358,96.4,8.6,82874090,1,2011-11-22 07:44:43,False,False,2023294.519545872,1,0,0.595567867036,True,Nataledestro,12,12,0,4,1,1273,0,0.857540016849,9.7,1444,860,False
421987528,87.2,7.12,447659130,2,2011-11-26 17:12:31,False,False,4079733.1326717176,1,0,0.642019837692,True,PaolaGattini1,13,12,1,16,48,5424,60,1.85620915033,12.0,1109,712,False
430928749,131.3,10.47,6317920,1,2011-12-07 18:34:34,False,False,39249.880482111024,1,11,0.589195272932,True,GiardinoIllumin,15,15,0,0,0,53410,100,0.027397260274,13.4,1777,1047,False
434722849,93.7,8.66,49361970,1,2011-12-12 07:02:50,False,False,186683.76111408297,1,0,0.598479612992,True,GiulioAdriani,13,13,0,5,6,2655,3,1.15633213278,10.2,1447,866,False
434727810,90.05263157894737,8.57,923160590,2,2011-12-12 07:14:18,False,False,34644640.80250886,1,0,0.600981767181,True,CristianoMinima,15,15,0,11,8,2515,8,0.898736564209,9.8,1426,857,False
434728619,94.5,9.05,175693940,2,2011-12-12 07:16:17,False,False,5135790.640417061,1,0,0.602931379081,True,Addisonohy,10,10,0,11,6,2635,9,0.851776083318,9.5,1501,905,False
434729769,87.05,8.71,37025970,1,2011-12-12 07:19:06,False,False,158917.21053020027,1,0,0.588116137745,True,IsaccoTombo,11,11,0,6,4,2731,2,1.14680347277,9.8,1481,871,False
434742028,89.85714285714286,9.3,958646630,2,2011-12-12 07:48:38,False,False,24312912.309932593,1,0,0.593112244898,True,miriamamm58,11,9,2,5,1,1127,0,0.788868445262,9.4,1568,930,False
434756188,93.71428571428571,8.71,8326670,1,2011-12-12 08:22:53,False,False,3523.8148861767436,1,0,0.596984235778,True,MarissaCastani,14,14,0,6,0,1372,1,0.655105803846,9.5,1459,871,False
434775697,94.5,9.09,447885350,2,2011-12-12 09:07:23,False,False,12001200.980043774,1,0,0.57495256167,True,gianlucamasto,13,13,0,3,1,1067,2,0.682713122359,9.2,1581,909,False
434790178,85.75,8.86,609019040,2,2011-12-12 09:39:24,False,False,24714555.85023992,1,0,0.595030221625,True,AlbertoJena,11,11,0,7,8,2515,8,0.884778953615,9.7,1489,886,False
434792369,86.75,8.96,949764360,2,2011-12-12 09:44:09,False,False,39449591.24361539,1,0,0.592200925314,True,AsiaMariaV,10,10,0,2,23,2434,7,0.882983283326,11.0,1513,896,False
434795107,88.55,8.94,41796010,1,2011-12-12 09:50:03,False,False,258289.96651070286,1,0,0.586229508197,True,Albertone874,12,9,3,5,8,2670,5,0.91717791411,9.7,1525,894,False
458941316,51.22222222222222,6.28,54805610,1,2012-01-09 03:32:48,False,False,386239.5567671948,1,0,0.56678700361,True,CourtneyAnne333,15,12,3,0,19,1946,23,3.38686131387,6.7,1108,628,False
465303273,0,0,0,0,2012-01-16 06:07:48,False,False,0,1,0,0,True,VivigreenIT,11,11,0,0,0,0,0,1.11104852338,0,0,0,False
465306140,89.15,9.36,38322060,1,2012-01-16 06:13:22,False,False,183004.6405205275,1,0,0.598848368522,True,CinziaProtetto,14,14,0,3,10,2252,1,1.13917564615,9.7,1563,936,False
465318952,119.3,9.67,6239340,2,2012-01-16 06:39:15,False,False,36706.68432996911,1,13,0.643808255659,True,OltreNotizia,12,12,0,15,53,423,82,0.734925229137,12.7,1502,967,False
465319501,0,0,0,0,2012-01-16 06:40:15,False,False,0,1,0,0,True,GiornaleVerde,13,13,0,0,0,0,0,1.0625875105,0,0,0,False
465320112,87.15,8.62,46674030,1,2012-01-16 06:41:32,False,False,303711.3212250903,1,0,0.604064470918,True,RoccoDiamantoni,15,15,0,1,8,3593,2,1.10524538496,9.6,1427,862,False
465323815,53.0,6.7,334287580,1,2012-01-16 06:49:06,False,False,69452.56941928067,1,0,0.583115752829,True,DiegoSimeoni78,14,12,2,2,8,3017,44,1.03747743922,11.3,1149,670,False
465325040,89.4375,9.09,10707680,1,2012-01-16 06:51:44,False,False,55288.25425271176,1,0,0.597240473062,True,GabryPrimonti,13,13,0,6,0,801,2,1.05991100752,9.7,1522,909,False
465325633,82.75,8.74,36527980,1,2012-01-16 06:52:53,False,False,192502.86962855252,1,0,0.599451303155,True,LuciaSale,9,9,0,2,5,3660,1,1.08200226387,9.7,1458,874,False
465328572,79.15,9.24,38015980,1,2012-01-16 06:58:59,False,False,163093.051239921,1,0,0.569667077682,True,GaiaDaspo,9,9,0,4,12,3405,4,1.08477565869,9.6,1622,924,False
465338328,0,0,0,0,2012-01-16 07:19:21,False,False,0,1,0,0,True,AugustoBarbocci,15,15,0,0,0,0,0,1.00700280112,0,0,0,False
465343577,99.0,8.77,44464810,1,2012-01-16 07:30:23,False,False,508127.3616165439,1,0,0.591368846932,True,LunaNavelli,11,11,0,9,7,3679,3,1.10188880021,10.5,1483,877,False
465349136,94.35,9.91549295775,1661319338,1,2012-01-16 07:41:56,False,False,134037.80160723318,1,0,0.652455977757,True,PrimaPaginaWeb,14,14,0,55,71,75,32,0.704937897607,12.2,1079,704,False
465352631,0,0,0,0,2012-01-16 07:49:10,False,False,0,1,0,0,True,MarikaLicudi,12,12,0,0,0,0,0,1.03307790549,0,0,0,False
465360460,0,0,0,0,2012-01-16 08:05:23,False,False,0,1,0,0,True,MaxPupini,9,9,0,0,0,0,0,1.09794539825,0,0,0,False
465367288,0,0,0,0,2012-01-16 08:19:23,False,False,0,1,0,0,True,AdryNonosonoio,14,14,0,0,0,0,0,1.04812658466,0,0,0,False
465369276,116.1,9.46268656716,1760357089,1,2012-01-16 08:23:17,False,False,154032.53155294823,1,0,0.628968253968,True,AboutNewsIT,11,11,0,54,67,73,58,0.754222635989,13.3,1008,634,False
465372408,0,0,0,0,2012-01-16 08:29:38,False,False,0,1,0,0,True,MarzioDolini,12,12,0,0,0,0,0,1.00088581092,0,0,0,False
465373317,97.8,9.29,48252700,1,2012-01-16 08:31:27,False,False,507760.09673245053,1,0,0.594369801663,True,MichelaLancinin,15,15,0,7,6,3613,5,0.794881305638,10.1,1563,929,False
465373507,85.55,8.64,45246050,1,2012-01-16 08:31:52,False,False,335350.2122294841,1,0,0.626540971719,True,LucioDabioni,12,12,0,5,8,3573,6,1.11525704809,10.1,1379,864,False
465374176,0,0,0,0,2012-01-16 08:33:09,False,False,0,1,0,0,True,MattiaNodini,12,12,0,0,0,0,0,0.96464169552,0,0,0,False
465375874,0,0,0,0,2012-01-16 08:36:17,False,False,0,1,0,0,True,GennarioGiuli,13,13,0,0,0,0,0,1.11335343694,0,0,0,False
465376231,126.05,10.1803278689,26828803,1,2012-01-16 08:36:58,False,False,173441.7913025217,1,0,0.644859813084,True,YourNewsItalia,14,14,0,35,61,65,44,0.81150587186,12.7,963,621,False
465376509,78.45,8.29,41663960,1,2012-01-16 08:37:30,False,False,323985.32569875364,1,0,0.587943262411,True,SimonaBarini,12,12,0,4,2,3572,1,1.0721415608,10.0,1410,829,False
465378609,94.95,8.89,40896020,1,2012-01-16 08:41:48,False,False,263895.2910204349,1,0,0.555625,True,MaurizioTorrino,15,15,0,3,2,3727,0,1.1229739777,9.8,1600,889,False
465378983,98.84210526315789,10.935483871,1107052225,2,2012-01-16 08:42:34,False,False,8761445.585586574,1,0,0.733766233766,True,MarcoStrugi,11,11,0,5,31,587,7,0.941547049442,10.6,462,339,False
465387088,84.6,9.29,49864380,1,2012-01-16 08:58:16,False,False,467082.1821618199,1,0,0.619746497665,True,FabioRitozzi,12,12,0,7,8,3518,4,1.04210648417,10.3,1499,929,False
465387671,91.6,8.82,48330050,1,2012-01-16 08:59:29,False,False,223076.40609729997,1,0,0.593140551446,True,MarcelloGarardi,15,15,0,3,7,3743,2,1.09610814023,10.0,1487,882,False
465392383,91.5,8.26,51360020,1,2012-01-16 09:08:44,False,False,373453.1716512091,1,0,0.568479008947,True,AlessiaSperosi,14,14,0,7,4,3864,2,0.851833498513,8.7,1453,826,False
465393290,96.7,8.57,58034550,1,2012-01-16 09:10:26,False,False,511843.5593512338,1,0,0.579445571332,True,RenzoMeravigli,14,14,0,1,4,3610,2,1.08645908762,9.2,1479,857,False
465398499,123.65,9.74242424242,1787187030,1,2012-01-16 09:20:26,False,False,180678.2232278907,1,0,0.665631469979,True,WWWNotizie,10,10,0,39,66,69,53,0.814052360707,12.4,966,643,False
465399263,138.0,15.25,14571107750,2,2012-01-16 09:21:53,False,False,58276089.404737,1,0,0.818791946309,True,NotizieEtc,10,10,0,5,8,14,5,0.908519553073,13.0,149,122,False
465399558,108.52631578947368,10.08,823500010,1,2012-01-16 09:22:29,False,False,5170269.025401696,1,0,0.602510460251,True,MauraSelliero,13,13,0,18,100,1128,20,1.047823219,10.5,1673,1008,False
465402069,0,0,0,0,2012-01-16 09:27:40,False,False,0,1,0,0,True,greeneconomy24,14,12,2,0,0,0,0,1.01910598414,0,0,0,False
465403330,89.33333333333333,9.43,12431440,1,2012-01-16 09:30:17,False,False,37698.81356128981,1,0,0.590852130326,True,MaddalenaCioli,14,14,0,5,0,786,1,1.03340517241,10.3,1596,943,False
465405613,91.65,9.04,55552410,1,2012-01-16 09:35:02,False,False,554812.3612734737,1,0,0.587394411956,True,DanieleUrtani,13,13,0,10,9,3606,5,1.09322399655,10.4,1539,904,False
465418896,93.25,9.1,36834020,1,2012-01-16 10:01:55,False,False,232513.34057363248,1,0,0.587096774194,True,GiulianoAmianto,15,15,0,2,3,3678,3,1.08827694729,9.5,1550,910,False
465421036,104.35,9.18,40701970,1,2012-01-16 10:06:06,False,False,495856.12537609134,1,0,0.585459183673,True,TeresaBenci,11,11,0,12,10,4136,6,0.964914793069,10.7,1568,918,False
465426060,0,0,0,0,2012-01-16 10:16:16,False,False,0,1,0,0,True,GiuseppeLobini,14,14,0,0,0,0,0,1.0046741453,0,0,0,False
465428761,0,0,0,0,2012-01-16 10:21:36,False,False,0,1,0,0,True,MauroMonilli,12,12,0,0,0,0,0,1.07853708291,0,0,0,False
465429916,86.7,9.18,38130000,1,2012-01-16 10:23:49,False,False,280400.83077302034,1,0,0.578449905482,True,GiovannaLimo,12,12,0,4,2,3556,2,1.0347107438,8.7,1587,918,False
465431259,85.36842105263158,8.97,15681460,1,2012-01-16 10:26:34,False,False,156290.46161994006,1,0,0.584745762712,True,MartaForeghini,14,14,0,2,1,935,1,1.05035577449,9.6,1534,897,False
465434130,92.2,8.92,38160030,1,2012-01-16 10:32:16,False,False,240173.9062682289,1,0,0.586456278764,True,MarziaGenovesi,14,14,0,1,4,3697,1,1.03912659346,9.4,1521,892,False
465435993,96.35,10.0606060606,36935712,1,2012-01-16 10:35:47,False,False,126146.16872591691,1,0,0.660696517413,True,TgNewsWeb,9,9,0,48,66,67,26,0.724252491694,12.1,1005,664,False
465437206,89.8,9.44,12809950,1,2012-01-16 10:38:00,False,False,65340.0817109988,1,0,0.600127145582,True,MarisaGrecacci,14,14,0,7,0,762,0,1.04372842348,9.9,1573,944,False
466109264,88.15,8.54,47597540,1,2012-01-17 02:24:52,False,False,429310.83133388334,1,0,0.614830813535,True,FedericaCiello,14,14,0,13,9,3562,8,1.0499795501,11.0,1389,854,False
466110228,0,0,0,0,2012-01-17 02:26:17,False,False,0,1,0,0,True,MaryBinocco,11,11,0,0,0,0,0,1.01015050753,0,0,0,False
466116893,92.3,8.46,48785860,1,2012-01-17 02:36:26,False,False,255704.1393187838,1,0,0.561752988048,True,TinaGeremiani,13,13,0,3,4,3503,1,1.10028689036,9.6,1506,846,False
466121357,133.4,11.06,21653470,1,2012-01-17 02:43:33,False,False,133325.2502077532,1,4,0.584875727129,True,FlashNotizie,12,12,0,63,100,208,42,0.900065832785,12.3,1891,1106,False
466124519,84.4,9.39,40326010,1,2012-01-17 02:48:47,False,False,253228.15070937513,1,0,0.610533159948,True,EllaMoriace,11,11,0,4,3,2404,1,1.03118221258,9.5,1538,939,False
466126074,50.0,9.0,0,1,2012-01-17 02:51:22,False,False,0.0,1,0,1.0,True,ChrisPoccio,11,11,0,0,0,5,0,0.96026850508,8.8,9,9,False
466131055,0,0,0,0,2012-01-17 02:58:57,False,False,0,1,0,0,True,Liaberardini,12,12,0,0,0,0,0,1025,0,0,0,False
466139143,98.0,9.35,926289780,2,2012-01-17 03:11:42,False,False,21528656.23787821,1,0,0.601286173633,True,NandoTunisi,11,11,0,7,1,922,3,1.07581128988,10.3,1555,935,False
466143639,0,0,0,0,2012-01-17 03:18:40,False,False,0,1,0,0,True,LindaGonzago,12,12,0,0,0,0,0,1.06417158736,0,0,0,False
466146699,122.05,11.2037037037,2206368962,1,2012-01-17 03:23:36,False,False,359430.3606977157,1,0,0.657608695652,True,ActualitiyItaly,15,15,0,35,54,55,31,0.906429780034,13.1,920,605,False
466152441,21.0,1.5,1716852500,1,2012-01-17 03:33:03,False,False,1716852.5,1,0,0.5,True,CinthyaMorgani,14,14,0,0,2,7,0,1.0908520517,8.8,6,3,False
466153262,95.25,9.60784313725,30234882,1,2012-01-17 03:34:24,False,False,98165.65734805829,1,0,0.671232876712,True,Sarabocconi123,14,11,3,2,0,59,2,1.08793271758,9.7,730,490,False
466154098,0,0,0,0,2012-01-17 03:35:41,False,False,0,1,0,0,True,CristianoAnside,15,15,0,0,0,0,0,1.02649630128,0,0,0,False
466155797,0,0,0,0,2012-01-17 03:38:13,False,False,0,1,0,0,True,SostenibileLife,15,15,0,0,0,0,0,0.962241316713,0,0,0,False
466156124,84.45,8.27,38135390,1,2012-01-17 03:38:42,False,False,278358.19770609867,1,0,0.597543352601,True,AlmaCerasolo,12,12,0,4,8,2439,1,1.14357807243,9.7,1384,827,False
466159914,80.65,8.27,44910020,1,2012-01-17 03:44:20,False,False,237977.86826564354,1,0,0.59368269921,True,AntonioBarvaro,14,14,0,7,5,2651,2,1.15994057935,8.8,1393,827,False
466161043,86.75,9.12,12135270,1,2012-01-17 03:45:58,False,False,55787.36159485268,1,0,0.597640891219,True,RobertaRed5,11,10,1,12,0,819,2,1.00534727586,10.5,1526,912,False
466162548,0,0,0,0,2012-01-17 03:48:13,False,False,0,1,0,0,True,PensaInVerde,12,12,0,0,0,0,0,0.765375153752,0,0,0,False
466163583,97.35,9.09,50988910,1,2012-01-17 03:49:50,False,False,574293.5250193842,1,0,0.585695876289,True,RosaTerrias,11,11,0,7,8,3495,5,1.03709648653,10.6,1552,909,False
466176895,82.25,9.08,47860180,1,2012-01-17 04:11:24,False,False,295119.61117653636,1,0,0.607357859532,True,MarcoMurante,12,12,0,6,10,4023,6,1.05505490345,10.4,1495,908,False
466178381,67125,8.76,766640,1,2012-01-17 04:13:52,False,False,17893.917662395615,1,0,0.575180564675,True,LauraPett56,11,9,2,4,0,1176,2,0.871628684926,9.0,1523,876,False
466181545,90.0,8.74,49378590,1,2012-01-17 04:19:24,False,False,489060.2456864874,1,0,0.607366226546,True,SandroMarcelli,14,14,0,7,9,3675,3,1.11514143095,10.0,1439,874,False
466182757,139875,15.75,14571141875,2,2012-01-17 04:21:37,False,False,58276352.37719602,1,0,0.807692307692,True,CheSuccedeOggi,14,14,0,7,8,13,4,1.07626738448,12.3,156,126,False
466183322,81.05,9.21,41543960,1,2012-01-17 04:22:34,False,False,192944.7552406906,1,0,0.601174934726,True,RenzoFarenni,12,12,0,7,5,3557,1,0.997472527473,10.3,1532,921,False
466189042,0,0,0,0,2012-01-17 04:32:19,False,False,0,1,0,0,True,Green_ProIT,11,5,0,0,0,0,0,0.707773707774,0,0,0,False
466189857,116.0,20.0,0,1,2012-01-17 04:33:47,False,False,0.0,1,0,0.952380952381,True,MiriamAmedei,12,12,0,0,1,8,0,1.07429577465,3.1,21,20,False
466192045,0,0,0,0,2012-01-17 04:37:39,False,False,0,1,0,0,True,MargheritaForin,15,15,0,0,0,0,0,0.955160550459,0,0,0,False
466194674,0,0,0,0,2012-01-17 04:42:17,False,False,0,1,0,0,True,PolliceBio,10,10,0,0,0,0,0,0.971796063846,0,0,0,False
466195745,0,0,0,0,2012-01-17 04:44:08,False,False,0,1,0,0,True,MonicaProssetti,15,15,0,0,0,0,0,0.725981975854,0,0,0,False
466200874,0,0,0,0,2012-01-17 04:53:22,False,False,0,1,0,0,True,Mietinotizie,12,12,0,0,0,0,0,0.9685204617,0,0,0,False
466203702,62.27272727272727,8.71,14799610,1,2012-01-17 04:58:28,False,False,37077.787262024336,1,0,0.579122340426,True,MarcoToro87,11,9,2,8,1,1180,1,1.00971466637,8.5,1504,871,False
466204969,83.65,9.28,46014020,1,2012-01-17 05:00:42,False,False,201697.61064660014,1,0,0.597168597169,True,GiannaMoreschi,14,14,0,4,4,3516,4,1.10830573951,9.6,1554,928,False
466207205,104.0,9.48,42186000,1,2012-01-17 05:04:47,False,False,163709.98180632573,1,0,0.588819875776,True,PaolaDiSara_,12,11,0,2,6,3682,2,1.05424063116,9.3,1610,948,False
466209990,64.4,8.31,38717950,1,2012-01-17 05:09:32,False,False,243825.3908526499,1,0,0.582748948107,True,SaraDamiani85,13,11,2,3,7,3597,5,1.11146177019,9.9,1426,831,False
466212113,104.4,9.14,51750640,1,2012-01-17 05:13:24,False,False,525780.8830575338,1,0,0.590820943762,True,SilvioDarisco,13,13,0,5,8,3418,7,1.03593923675,10.2,1547,914,False
7248952,133.1,12.14,1089595330,1,2007-07-04 12:30:03,False,False,40140041.23545932,1,0,0.643349231585,True,tarunkjuyal,11,11,0,0,0,1564,100,2.58487874465,13.7,1887,1214,False
7732472,85.05,6.88,816205700,4,2007-07-26 09:07:31,False,False,8009895.8996777395,1,0,0.664734299517,True,DanielWagner,12,12,0,17,14,1246,71,0.0130818375418,9.5,1035,688,False
9524952,86.0,6.62,627818960,4,2007-10-18 16:36:00,False,False,6183157.779526763,1,0,0.541291905151,True,Andrewlock,10,10,0,25,52,5277,86,0.140517947877,10.2,1223,662,False
14596967,92.26315789473684,4.61,242360180,1,2008-04-30 06:22:14,False,False,38102.54131192029,1,0,0.274078478002,True,fxgenie,7,7,0,0,0,3788,100,1.15779189057,8.7,1682,461,False
14826060,81.6,6.8,760175360,2,2008-05-18 23:56:58,False,False,17531210.76288145,1,0,0.599647266314,True,ABetterBiz,10,10,0,0,13,2597,78,1.23472915866,8.8,1134,680,False
14938781,92.05,4.89,1734870490,5,2008-05-28 23:26:43,False,False,46229806.21158357,1,0,0.552542372881,True,modernadvantage,15,15,0,20,18,368,100,1.51086956522,10.2,885,489,False
15528595,71.75,6.65,1691727870,3,2008-07-22 09:29:03,True,False,16761273.784907179,1,0,0.698529411765,True,youtubepixel,12,12,0,3,4,869,97,0.459186252211,10.3,952,665,False
16671189,52.4,5.0,3062163240,3,2008-10-09 19:00:31,False,False,12767722.791144487,1,0,0.786163522013,True,IulianBaciu,11,11,0,4,2,25,23,2.13202247191,9.5,159,125,False
17976561,93.88888888888889,13.1111111111,2302385000,1,2008-12-08 23:03:21,False,False,6609407.827912481,1,0,0.723926380368,True,ScotParker,10,10,0,0,0,9,2,1.49094202899,6.2,163,118,False
19121759,80.6,5.95454545455,354517606,2,2009-01-17 20:03:29,False,False,7768299.318757019,1,0,0.64744645799,True,ishopd,6,6,0,1,3,66,52,1.40856031128,9.5,607,393,False
19581787,119.15,3.18,1854311400,2,2009-01-27 07:41:15,False,False,68719072.66053805,1,0,0.228941684665,True,CLdominator,11,11,0,89,0,1816,95,1.39081145585,12.5,1389,318,False
20338242,107.75,8.79,42908260,1,2009-02-07 22:36:45,False,False,460135.5485915944,1,0,0.65892053973,True,DJ_Weiss,8,2,0,19,87,9395,58,0.844779826153,9.5,1334,879,False
20531552,97.75,6.07,761270300,1,2009-02-10 18:15:03,False,False,15717123.720848396,1,0,0.3928802589,True,immasterminds,13,13,0,0,33,466,48,1.31222669232,9.8,1545,607,False
21577213,93.9,8.03333333333,984700400,1,2009-02-22 16:46:52,False,False,2405298.414094527,1,0,0.688571428571,True,leonardoriviera,15,15,0,9,3,31,19,3.11603375527,11.0,350,241,False
22597402,53.3,5.0,883102200,1,2009-03-03 07:12:10,True,False,2587755.0977337016,1,0,0.862068965517,True,Modeling_Agency,15,8,0,1,0,10,10,1.37133415944,10.6,58,50,False
22979959,57.75,4.13,312628170,2,2009-03-05 21:13:24,False,False,5604711.615700626,1,0,0.77052238806,True,Filipe_Agel,11,6,0,0,0,435,100,2.181272509,8.6,536,413,False
23832142,98.4,8.78,2545982050,1,2009-03-11 21:18:57,True,False,10823587.78130109,1,0,0.525748502994,True,abetterlifenow,14,14,0,2,61,215,27,1.75857843137,10.2,1670,878,False
24320335,71.35,2.11,1981370020,2,2009-03-14 03:28:40,False,False,37082400.397466354,1,0,0.241142857143,True,videoand,8,8,0,0,0,4485,100,1.72027972028,8.9,875,211,False
27159435,97.35,7.78260869565,1214907608,1,2009-03-28 02:30:15,True,False,8092008.039637434,1,0,0.61301369863,True,_bigorna,8,7,0,12,2,23,21,3.80046403712,11.3,292,179,False
28219482,97.89473684210526,8.32,1788759810,3,2009-04-01 22:57:20,False,False,13182973.467248037,1,0,0.729824561404,True,GoldenyLion,11,11,0,16,32,789,86,1.45627980922,11.1,1140,832,False
28587018,124.83333333333333,11.5,2348669166,1,2009-04-03 15:38:10,False,False,6781535.009453764,1,0,0.633027522936,True,nancyc197,9,6,3,0,2,12,11,0.8375,9.9,218,138,False
29370531,79.7,5.14,876470810,7,2009-04-07 03:33:01,True,False,24863845.461833507,1,0,0.581447963801,True,istal00,7,5,2,3,6,999,96,1.96464646465,10.2,884,514,False
29444347,80.85,5.97,62261810,1,2009-04-07 13:14:24,True,False,795246.8202407273,1,0,0.512006861063,True,PeterMurray11,13,11,2,34,10,152,90,3.77477477477,9.9,1166,597,False
29822733,83.11764705882354,8.05882352941,2345708705,1,2009-04-08 21:14:51,False,False,9815876.155110888,1,0,0.717277486911,True,mariliazara,11,11,0,4,0,17,14,5.4296875,9.9,191,137,False
30998590,99.55,2.03,275013390,4,2009-04-13 23:59:21,False,False,8577829.890230762,1,0,0.172913117547,True,daniel_bruno,12,6,0,1,95,679,99,1.28005889089,9.6,1174,203,False
31228692,127.6,8.13541666667,2981570645,1,2009-04-14 21:16:40,True,False,1207553.686048579,1,0,0.611589663273,True,brighter_earth,14,8,0,16,47,96,53,1.01106806862,8.8,1277,781,False
31708548,84.05,7.97,1371956650,3,2009-04-16 09:53:03,False,False,35730790.404225275,1,0,0.59037037037,True,crisduarte,10,10,0,33,32,151,32,0.417602996255,9.8,1350,797,False
33608758,85.85,7.45,807471210,4,2009-04-20 18:23:19,False,False,14530813.870504469,1,0,0.563114134543,True,ThomasMaciel,12,12,0,58,14,836,44,0.780346820809,9.9,1323,745,False
92633114,51.0,7.0,0,1,2009-11-25 23:00:00,True,False,0.0,1,0,1.0,True,34255057,8,0,8,0,0,1,1,0,11.2,7,7,False
35401956,80.4,4.26,145028620,1,2009-04-26 04:25:55,False,False,3082217.7235607556,1,0,0.390825688073,True,LoranaCallazans,15,15,0,4,3,448,81,1.69732620321,9.2,1090,426,False
35531101,37.0,4.0,0,1,2009-04-26 18:44:22,True,False,0.0,1,0,1.0,True,Katie2nve,9,5,1,0,0,1,1,3.86234817814,3.1,4,4,False
36477176,57.95,6.3,451618500,2,2009-04-29 20:51:49,False,False,6401162.810779041,1,0,0.616136919315,True,TulioReis908,12,9,3,6,44,80,14,5.19658119658,9.5,818,504,False
36878978,73.55,6.15,1237740280,2,2009-05-01 04:08:51,False,False,57482652.22443622,1,0,0.696489241223,True,frankly_scarlet,15,7,0,0,0,814,99,0.469052945563,10.1,883,615,False
37192548,104.0,10.42,72598980,2,2009-05-02 13:06:48,False,False,1919372.382165923,1,0,0.64241676942,True,yayak75,7,5,2,3,96,199,68,1.51162790698,10.1,1622,1042,False
38195080,131.25,10.42,429630140,2,2009-05-06 15:02:31,False,False,2318983.4917399324,1,0,0.614386792453,True,AbimaelCosta,12,12,0,16,58,56206,62,0.882402351953,13.7,1696,1042,False
38344324,72.7,8.04,525781000,2,2009-05-07 02:22:58,False,False,2231789.142368774,1,0,0.626168224299,True,aboutpaul,9,9,0,7,2,481,81,2.99326599327,8.6,1284,804,False
38920016,82.55,4.11,52027210,1,2009-05-09 20:19:26,False,False,325288.5325553146,1,0,0.33225545675,True,personalloansUS,15,15,0,8,8,125,45,1.27426445722,10.5,1237,411,False
38962259,70.6,3.67,60060400,1,2009-05-10 00:44:06,False,False,801840.7358743444,1,0,0.317474048443,True,juaooO_F,8,6,0,4,7,452,84,2.18100890208,9.0,1156,367,False
39527698,67.35,3.69,51621920,4,2009-05-12 15:54:13,False,False,1498140.5705083685,1,0,0.75306122449,True,josuelunardi,12,12,0,6,3,3838,85,0.160784313725,11.9,490,369,False
39674011,84.55,6.69047619048,520230238,1,2009-05-13 03:08:41,True,False,3721416.0591816995,1,0,0.505395683453,True,FlightCzar,10,10,0,1,1,42,7,2.48453608247,9.3,556,281,False
39688267,106.5,9.38,85048900,2,2009-05-13 04:33:11,False,False,641534.8886575442,1,0,0.615485564304,True,veropoema,9,9,0,0,2,2657,55,3.20469798658,10.5,1524,938,False
41177563,87.70588235294117,7.82352941176,15458801411,1,2009-05-19 18:39:02,False,False,60770881.06677316,1,0,0.715053763441,True,fabioricardo75,14,12,2,5,1,17,16,6.72222222222,11.1,186,133,False
41179792,76.0,5.88,724281760,4,2009-05-19 18:49:23,False,False,19626232.23779595,1,0,0.563758389262,True,Michael_RdS,11,7,0,31,81,325,8,1.20897615708,8.2,1043,588,False
41678763,68.66666666666667,2.16666666667,9577333,1,2009-05-21 21:10:30,True,False,20369.766834426187,1,0,0.541666666667,True,_inbetweeners_,14,12,0,0,0,6,6,0.796397379913,11.7,24,13,False
41684107,84.6,4.16,205725060,2,2009-05-21 21:37:19,False,False,687032.575828803,1,0,0.366197183099,True,RafaelTaio,10,10,0,4,79,186,33,2.6897689769,8.5,1136,416,False
41877218,68.05263157894737,5.67,1192260290,4,2009-05-22 19:01:47,False,False,19034781.209224198,1,0,0.535410764873,True,guiLhermex3,11,10,1,28,24,286,18,0.629166666667,10.0,1059,567,False
43066058,36.0,5.0,0,1,2009-05-28 07:14:38,True,False,0.0,1,0,1.0,True,Abigail08ke,11,7,2,0,0,1,1,4.99270072993,3.1,5,5,False
43201046,76.3,9.53,213052430,1,2009-05-28 21:29:50,False,False,1009909.0872234231,1,0,0.691582002903,True,MichaelJKann,12,12,0,24,82,1092,40,3.12957317073,10.6,1378,953,False
43510557,39.0,6.0,0,1,2009-05-30 10:21:11,True,False,0.0,1,0,1.0,True,Isabel29nk,10,6,2,0,0,1,1,5.56730769231,3.1,6,6,False
43747581,89.95,7.2,315717120,2,2009-05-31 20:17:17,False,False,2560618.768364688,1,0,0.589680589681,True,rod315,6,3,3,47,59,146,93,2.25510204082,10.3,1221,720,False
44081953,37.0,4.0,0,1,2009-06-02 07:53:30,True,False,0.0,1,0,1.0,True,Natalia68xk,11,7,2,0,0,1,1,4.7265625,8.8,4,4,False
44084192,39.0,6.0,0,1,2009-06-02 08:18:02,True,False,0.0,1,0,1.0,True,Abigail36vk,11,7,2,0,0,1,1,4.52272727273,8.8,6,6,False
44084811,46.0,7.0,0,1,2009-06-02 08:24:48,True,False,0.0,1,0,1.0,True,Vanessa26zn,11,7,2,0,0,1,1,4.88421052632,8.8,7,7,False
44191269,68.5,8.4375,48452000,1,2009-06-02 19:48:36,True,False,197561.2280772782,1,0,0.833333333333,True,MariaReese,10,10,0,0,0,16,9,2.32049306626,10.2,162,135,False
44698831,66.0,4.61,26584550,1,2009-06-04 19:38:04,True,False,310801.22496893414,1,0,0.60182767624,True,WeightLossT,11,11,0,2,1,309,90,1.46634026928,11.4,766,461,False
47731919,89.0,11.3333333333,4060879333,1,2009-06-16 20:13:08,False,False,4982507.617081249,1,0,0.944444444444,True,TurboMachine,12,12,0,1,1,3,3,1.42269076305,9.7,36,34,False
47799788,75.15,7.41,13058480,1,2009-06-17 01:05:19,False,False,172938.30843143893,1,0,0.563069908815,True,ElLukDG,7,7,0,32,56,2095,7,1.84299516908,8.7,1316,741,False
47891113,33.0,4.0,0,1,2009-06-17 07:42:20,True,False,0.0,1,0,1.0,True,Vanessa698py,12,7,3,0,0,1,1,6.5,3.1,4,4,False
48007897,64.4,3.46,147858130,1,2009-06-17 16:02:43,False,False,5073375.3827386,1,0,0.308928571429,True,CoconutTwist,12,12,0,0,6,277,88,3.2338028169,8.9,1120,346,False
48385665,122.15789473684211,12.5714285714,9644240619,2,2009-06-18 15:35:56,False,False,70694291.05638497,1,0,0.819875776398,True,JessicaDuncan83,15,13,2,5,15,22,20,5.38117647059,10.9,322,264,False
48712444,64.36842105263158,6.38,1798807720,3,2009-06-19 14:00:52,False,False,79724093.85444443,1,0,0.590740740741,True,blogquasedoce,13,13,0,37,35,3862,29,0.750158528852,9.5,1080,638,False
48957307,62.0,5.33333333333,426429666,1,2009-06-20 07:58:16,True,False,559603.1586760588,1,0,1.0,True,jandijkgra97271,15,10,5,0,0,3,2,9.52,10.1,16,16,False
48959912,83.75,4.35,277809140,2,2009-06-20 08:17:05,False,False,191054.77865261576,1,0,0.337209302326,True,Informer1,9,8,1,0,2,245,67,2.39024390244,10.7,1290,435,False
48972661,64.66666666666667,6.0,425168333,1,2009-06-20 09:58:27,True,False,557725.4223231676,1,0,1.0,True,RoccyB_Cas9785,14,6,4,0,0,3,2,9.56923076923,8.1,18,18,False
49195364,60.333333333333336,5.33333333333,403957000,1,2009-06-21 02:06:31,True,False,528243.7122265527,1,0,0.888888888889,True,xelizabeth99652,15,10,5,0,0,3,2,8.66,7.8,18,16,False
49196059,69.0,8.5,499461000,1,2009-06-21 02:09:25,True,False,499461.0,1,0,0.944444444444,True,ryandaniel57393,15,10,5,0,0,2,2,7.25988700565,6.4,18,17,False
49198668,71.66666666666667,8.33333333333,402528666,1,2009-06-21 02:19:33,True,False,526240.7481606368,1,0,1.0,True,BradinBuff62004,15,10,5,0,0,3,2,8.76397515528,8.8,25,25,False
49215390,58.5,7.5,506914000,1,2009-06-21 03:19:30,True,False,506914.0,1,0,1.0,True,Kindredthe91235,15,10,5,0,0,2,2,9.1067961165,7.2,15,15,False
49233584,60.0,8.33333333333,320495333,1,2009-06-21 04:40:31,True,False,422720.6340538499,1,0,0.961538461538,True,jandijkgra2704,14,10,4,0,0,3,3,7575,6.7,26,25,False
49255053,86.66666666666667,10.6666666667,322669333,1,2009-06-21 06:45:30,True,False,425786.98946173646,1,0,0.864864864865,True,innuendogi21565,15,10,5,0,0,3,3,8.47457627119,7.4,37,32,False
49270232,73.33333333333333,10.6666666667,321796000,1,2009-06-21 08:26:55,True,False,424104.2394791901,1,0,1.0,True,jclynarian68431,15,10,5,0,0,3,3,9.60666666667,6.7,32,32,False
49479291,70.5,10.5,702295500,1,2009-06-22 00:28:29,True,False,702295.5,1,0,1.0,True,kellyniema29106,15,10,5,0,0,2,2,7.82389937107,10.1,21,21,False
49499359,86.0,11.5,703768000,1,2009-06-22 01:54:13,True,False,703768.0,1,0,1.0,True,horriblebo10841,15,10,5,0,0,2,2,9.6204379562,8.1,23,23,False
49540321,76.7,3.29,1203917530,4,2009-06-22 04:50:04,False,False,26979536.742907684,1,0,0.835025380711,True,suntornsu,9,9,0,0,25,361,6,2.59336099585,6.6,394,329,False
49549560,53.666666666666664,6.0,443268666,1,2009-06-22 05:43:24,True,False,547937.2766204379,1,0,0.9,True,Despondenc20109,15,10,5,0,0,3,3,10.0064102564,8.8,20,18,False
49588893,63.5,6.5,405756500,1,2009-06-22 10:08:20,True,False,405756.5,1,0,1.0,True,brandon_fu56841,15,7,5,0,0,2,2,9.18404907975,8.8,13,13,False
49659791,77.0,11.0,404022500,1,2009-06-22 15:23:42,True,False,404022.5,1,0,1.0,True,Terp4Life044505,15,4,1,0,0,2,2,8.84403669725,6.4,22,22,False
49669394,45.5,5.0,400465000,1,2009-06-22 15:55:02,True,False,400465.0,1,0,1.0,True,deezy_prim6238,14,5,4,0,0,2,2,8.26829268293,6.4,10,10,False
49692722,66.0,8.5,405339500,1,2009-06-22 17:11:51,True,False,405339.5,1,0,0.944444444444,True,Singer930936467,15,6,9,0,0,2,2,9.87755102041,10.1,18,17,False
49772550,65.0,9.0,402719500,1,2009-06-22 21:29:00,True,False,402719.5,1,0,1.0,True,DawnSellsS74828,15,10,5,0,0,2,2,9.78,7.8,18,18,False
49949709,76.0,11.0,238363000,1,2009-06-23 11:24:05,True,False,238363.0,1,0,1.0,True,moccabutte8713,14,10,4,0,0,2,2,7.11904761905,7.8,22,22,False
50346336,64.15789473684211,5.57,2010172530,2,2009-06-24 16:05:47,False,False,68475619.85862435,1,0,0.463394342762,True,Caah_Lopes,10,4,0,14,29,517,57,0.585333333333,10.2,1202,557,False
50845426,76.7,5.7037037037,764740851,2,2009-06-26 00:42:57,False,False,10461410.879397718,1,0,0.553956834532,True,juhcris,7,7,0,3,43,54,12,1.0625,9.9,556,308,False
51311653,51.333333333333336,7.0,220917000,1,2009-06-27 02:03:34,True,False,270929.0695698784,1,0,1.0,True,j6m9camero4487,14,1,1,0,0,3,3,7.85123966942,7.8,21,21,False
51571349,91.65,4.61,175029320,3,2009-06-27 22:08:40,False,False,6205604.229713997,1,0,0.363851617995,True,Simplyhwn,9,9,0,68,32,37040,39,1.13471901463,8.8,1267,461,False
51872114,113.45,1.77,9255300,1,2009-06-28 22:51:24,True,False,61303.44543112972,1,0,0.110143123833,True,SpareTimeWealth,15,15,0,0,0,2644,90,1.23015571591,10.3,1607,177,False
51892953,34.0,2.66666666667,234952333,1,2009-06-29 00:16:03,True,False,290505.8438184449,1,0,0.888888888889,True,fabulousmi19245,15,10,5,0,0,3,3,7.82666666667,7.8,9,8,False
51905951,34.5,2.5,217387500,1,2009-06-29 01:11:51,True,False,217387.5,1,0,0.833333333333,True,ChristieMo66420,15,10,5,0,0,2,2,7.5487804878,8.8,6,5,False
52039977,33.0,2.5,213461000,1,2009-06-29 12:23:05,True,False,213461.0,1,0,0.833333333333,True,stephaniet24278,15,10,5,0,0,2,2,8.15492957746,0,6,5,False
52043740,34.0,2.5,213384500,1,2009-06-29 12:40:36,True,False,213384.5,1,0,0.833333333333,True,uno_siete082735,15,3,6,0,0,2,2,7.15476190476,8.8,6,5,False
52259836,56.0,5.61290322581,737144612,5,2009-06-30 01:32:05,False,False,2944899.1878528283,1,0,0.531027466938,True,WELL_SS,7,4,0,16,9,93,59,3.15736040609,10.1,983,522,False
52558319,93.36842105263158,7.69696969697,4653140151,3,2009-06-30 23:25:12,False,False,39374670.60787078,1,0,0.679144385027,True,etiennegs,9,9,0,4,13,34,5,0.864864864865,8.5,374,254,False
52620061,41.0,6.0,0,1,2009-07-01 03:30:14,True,False,0.0,1,0,1.0,True,Alexis25m4h,11,6,2,0,0,1,1,6.94871794872,8.8,6,6,False
52857699,52.0,6.0,262631500,1,2009-07-01 21:30:32,True,False,262631.5,1,0,1.0,True,xxDominiqubhc,13,13,0,0,0,2,2,7.90853658537,3.1,12,12,False
52948027,67.5,10.0,258439500,1,2009-07-02 03:00:01,True,False,258439.5,1,0,1.0,True,FayThompsofhc,13,13,0,0,0,2,2,10.3008130081,3.1,20,20,False
52975492,116.15,9.48,1067109260,3,2009-07-02 05:00:30,False,False,14006299.177666744,1,0,0.579816513761,True,marciovennan,12,12,0,23,81,1425,71,0.269581056466,10.6,1635,948,False
52996113,79.35,5.11,56519630,1,2009-07-02 06:54:25,False,False,385167.0890174159,1,0,0.464968152866,True,ViralListBuilda,15,15,0,2,0,6761,100,0.99876314162,8.8,1099,511,False
53029957,30.0,4.0,0,1,2009-07-02 10:44:52,True,False,0.0,1,0,1.0,True,Maya98v4v,9,4,2,0,0,1,1,5.8431372549,3.1,4,4,False
53057021,83.1,7.70666666667,314734333,1,2009-07-02 13:08:18,False,False,2517489.080702486,1,0,0.615548455804,True,fabdocinho,10,10,0,6,42,75,14,5.51818181818,8.5,939,578,False
53261043,37.0,6.0,0,1,2009-07-03 02:01:39,True,False,0.0,1,0,1.0,True,Kayla84a4s,10,5,2,0,0,1,1,4.77966101695,3.1,6,6,False
53652229,39.0,5.0,0,1,2009-07-04 11:40:51,True,False,0.0,1,0,1.0,True,Mariah85s0b,11,6,2,0,0,1,1,5.87234042553,3.1,5,5,False
53714790,36.0,3.0,0,1,2009-07-04 17:18:33,True,False,0.0,1,0,1.0,True,nataliabry66506,15,10,5,0,0,1,1,5.48888888889,0,3,3,False
53780486,34.0,3.0,0,1,2009-07-04 22:48:38,True,False,0.0,1,0,1.0,True,Mom3CuteBo38991,15,3,1,0,0,1,1,5.6511627907,0,3,3,False
53780726,33.0,3.0,0,1,2009-07-04 22:50:02,True,False,0.0,1,0,1.0,True,sarasexmeu65676,15,10,5,0,0,1,1,6175,0,3,3,False
53781542,34.0,3.0,0,1,2009-07-04 22:54:24,True,False,0.0,1,0,1.0,True,Mom3CuteBo27943,15,3,1,0,0,1,1,8.53571428571,0,3,3,False
53783352,34.0,3.0,0,1,2009-07-04 23:04:13,True,False,0.0,1,0,1.0,True,SuaveOnDem50734,15,10,5,0,0,1,1,7.33333333333,3.1,3,3,False
53784356,34.0,3.0,0,1,2009-07-04 23:10:20,True,False,0.0,1,0,1.0,True,Mom3CuteBo71550,15,3,1,0,0,1,1,6.72222222222,3.1,3,3,False
53792078,56.75,4.3125,8244212437,3,2009-07-04 23:56:14,False,False,32843157.081246674,1,0,0.663461538462,True,granavirtual,12,12,0,5,2,16,14,1.07662082515,11.8,104,69,False
53808441,92.52631578947368,7.03,166494060,1,2009-07-05 01:36:41,False,False,4786284.287398359,1,0,0.562850280224,True,adrianoc1012,12,8,4,17,33,375,20,2.80736196319,9.7,1249,703,False
53819337,35.0,3.0,0,1,2009-07-05 02:39:43,True,False,0.0,1,0,1.0,True,ryanhopesu89205,15,10,5,0,0,1,1,7.87096774194,3.1,3,3,False
53819925,35.0,3.0,0,1,2009-07-05 02:42:51,True,False,0.0,1,0,1.0,True,raysadiplo41136,15,10,5,0,0,1,1,7.25,3.1,3,3,False
53825635,34.0,3.0,0,1,2009-07-05 03:17:18,True,False,0.0,1,0,1.0,True,sarasexmeu44054,15,10,5,0,0,1,1,7.75862068966,3.1,3,3,False
53826674,34.0,3.0,0,1,2009-07-05 03:23:52,True,False,0.0,1,0,1.0,True,mangalorea10560,15,10,5,0,0,1,1,5.70212765957,3.1,3,3,False
53826820,33.0,3.0,0,1,2009-07-05 03:24:41,True,False,0.0,1,0,1.0,True,ALi_I_Am_B86214,15,3,5,0,0,1,1,5.71739130435,3.1,3,3,False
53873807,40.0,6.0,0,1,2009-07-05 09:05:46,True,False,0.0,1,0,1.0,True,Michelle73e5m,13,8,2,0,0,1,1,5.42,3.1,6,6,False
53948371,33.0,3.0,0,1,2009-07-05 16:49:17,True,False,0.0,1,0,1.0,True,anniebaby170025,15,9,6,0,0,1,1,8.0487804878,0,3,3,False
53978783,69.5,3.5,844786500,1,2009-07-05 19:09:37,True,False,1221069.4664337027,1,0,0.466666666667,True,arvsTg,6,6,0,0,0,4,4,6.3133640553,7.8,30,14,False
54080533,33.0,3.0,0,1,2009-07-06 02:18:57,True,False,0.0,1,0,1.0,True,edwardxbelfbg,13,13,0,0,0,1,1,6.86,0,3,3,False
54234822,85.89473684210526,5.96,335860070,3,2009-07-06 15:30:08,False,False,7240492.270781815,1,0,0.566001899335,True,guiiinardelli,13,13,0,29,42,743,32,2.76480541455,9.6,1053,596,False
54265489,69.25,9.75,4364885000,1,2009-07-06 17:09:00,False,False,8662731.731666645,1,0,975,True,juliacarvalho5,14,13,1,2,0,4,2,7.39393939394,10.7,40,39,False
54353595,117.75,5.92,738114990,2,2009-07-06 22:21:01,True,False,10277890.89121164,1,0,0.667418263811,True,WhosMax,7,7,0,14,11,4666,85,1.25176886792,8.7,887,592,False
54634998,81.7,8.87951807229,57985578,1,2009-07-07 18:32:57,False,False,1095191.0585881763,1,0,0.67429094236,True,AnniexaLacyi,12,12,0,0,0,83,23,4.84571428571,8.4,1093,737,False
54638312,89.45,9.08536585366,58628756,1,2009-07-07 18:45:51,True,False,1185709.9551156797,1,0,0.677888989991,True,JimenawaSheai,13,13,0,0,0,82,30,4.2024691358,8.4,1099,745,False
54671794,65.8,8.68041237113,49398556,1,2009-07-07 20:50:42,False,False,984888.928328068,1,0,0.645210727969,True,EmersonhaCameri,15,15,0,0,0,97,39,3.2824742268,8.3,1305,842,False
54784761,99.15,9.95744680851,50854074,1,2009-07-08 03:31:19,False,False,50467.234511017145,1,0,0.660084626234,True,HaleylaTerranci,15,15,0,0,0,94,32,3.29046563193,8.1,1418,936,False
54786968,88.0,9.16129032258,51358397,1,2009-07-08 03:40:43,False,False,43518.80205600793,1,0,0.651376146789,True,CadecaIrvingi,13,13,0,0,0,93,35,3.44582043344,8.2,1308,852,False
54888403,78.35,8.91780821918,65036178,1,2009-07-08 13:04:28,True,False,1263680.4079845506,1,0,0.631425800194,True,DonovannaBrodei,15,15,0,0,0,73,25,4.55096418733,7.8,1031,651,False
54890930,73.95,8.40476190476,56394261,1,2009-07-08 13:14:54,True,False,591325.2096564546,1,0,0.675598086124,True,KarissaqaMarqui,15,15,0,0,0,84,33,4.92219020173,8.1,1045,706,False
54891461,82.55,9.35135135135,63924216,1,2009-07-08 13:17:00,False,False,1174485.7709501325,1,0,0.66474543708,True,BelensaRigoberi,15,15,0,0,0,74,20,4.08556149733,7.8,1041,692,False
54909007,80.75,9.18072289157,56848024,1,2009-07-08 14:21:55,False,False,1342958.303749595,1,0,0.63872590109,True,SimeonfaAshlyi,14,14,0,0,0,83,26,3.9520295203,7.7,1193,762,False
54951157,80.05,9.85882352941,55664082,1,2009-07-08 16:45:31,False,False,1341398.1728553607,1,0,0.6704,True,JuliannacaMadyi,15,15,0,0,0,85,29,3.82102272727,7.7,1250,838,False
55028106,82.95,9.93055555556,65107458,1,2009-07-08 21:03:19,False,False,1377601.7577639946,1,0,0.672624647225,True,LaishauaMayai,13,13,0,0,0,72,28,3.63852813853,7.2,1063,715,False
55056360,69.55,8.07142857143,48096510,1,2009-07-08 22:45:04,False,False,43605.01062065574,1,0,0.645714285714,True,MaxgaAbigalei,13,13,0,0,0,98,35,3.43832599119,8.3,1225,791,False
55069718,85.65,8.58620689655,54146988,1,2009-07-08 23:34:40,False,False,52451.0515102176,1,0,0.643410852713,True,DaltonsaLizetti,15,15,0,0,0,87,20,4.53658536585,7.6,1161,747,False
55081715,35.0,5.0,0,1,2009-07-09 00:20:15,True,False,0.0,1,0,1.0,True,Joanna7h1zj,11,6,1,0,0,1,1,6.06382978723,3.1,5,5,False
55085362,78.25,9.2875,58830025,1,2009-07-09 00:36:45,False,False,1260379.8774960062,1,0,0.667565139263,True,LaurapaRoderici,15,15,0,0,0,80,25,3.72246696035,7.9,1113,743,False
55091846,67.9,3.46,796420,1,2009-07-09 01:04:19,False,False,1085.0226207319365,1,0,0.296740994854,True,MichaeLL_STyle_,15,8,0,65,32,724,58,1.45204769311,10.8,1166,346,False
55094271,84.55,9.3,58712337,1,2009-07-09 01:14:09,False,False,1089999.5531039406,1,0,0.658407079646,True,SylviaxaGwendoi,15,15,0,0,0,80,24,4.1686746988,7.3,1130,744,False
55101042,68.8,8.87012987013,60926480,1,2009-07-09 01:39:02,False,False,970189.6855265714,1,0,0.643732327992,True,BritneyvaKelsii,15,15,0,0,0,77,26,4.49731182796,8.4,1061,683,False
55109583,65.5,9.05128205128,60160512,1,2009-07-09 02:12:49,False,False,53068.47340125774,1,0,0.69900990099,True,TiffanypaKaydei,15,15,0,0,0,78,26,3.00173010381,8.1,1010,706,False
55113333,78.15,9.58904109589,64338931,1,2009-07-09 02:27:29,False,False,37100.3855094189,1,0,0.686274509804,True,LianayaJaylai,13,13,0,0,0,73,26,3.46069868996,8.2,1020,700,False
55116927,42.0,4.0,0,1,2009-07-09 02:41:09,True,False,0.0,1,0,1.0,True,yankeesgod4i4,13,10,1,0,0,1,1,10.2763157895,3.1,4,4,False
55120214,97.7,10.2567567568,63418959,1,2009-07-09 02:54:26,False,False,1387642.1828649489,1,0,0.677074041035,True,AriayaCarolinai,15,15,0,0,0,74,28,4.04819277108,8.2,1121,759,False
55143227,42.0,4.0,0,1,2009-07-09 04:36:06,True,False,0.0,1,0,1.0,True,traveltigelbg,13,13,0,0,0,1,1,12.7326732673,3.1,4,4,False
55148489,42.0,4.0,0,1,2009-07-09 05:02:32,True,False,0.0,1,0,1.0,True,achendersoenf,13,13,0,0,0,1,1,11.4736842105,3.1,4,4,False
55162707,42.0,4.0,0,1,2009-07-09 06:24:08,True,False,0.0,1,0,1.0,True,IthacaWeata7h,13,11,1,0,0,1,1,12.9803921569,3.1,4,4,False
55194361,42.0,4.0,0,1,2009-07-09 09:56:07,True,False,0.0,1,0,1.0,True,ClareHoppi3ke,13,10,1,0,0,1,1,11.1018518519,3.1,4,4,False
55194570,42.0,4.0,0,1,2009-07-09 09:57:42,True,False,0.0,1,0,1.0,True,sophielizagim,13,13,0,0,0,1,1,10.4224137931,3.1,4,4,False
55207262,41.0,6.0,0,1,2009-07-09 11:17:48,True,False,0.0,1,0,1.0,True,Jamie3qijv,10,5,1,0,0,1,1,6.5,8.8,6,6,False
55207581,73.45,9.32954545455,53006102,1,2009-07-09 11:19:47,False,False,1094009.3523655727,1,0,0.62196969697,True,JillianlaWeslei,15,15,0,0,0,88,31,4.23631123919,7.7,1320,821,False
55214971,94.15,9.42105263158,61359710,1,2009-07-09 11:59:42,False,False,1092668.5834390167,1,0,0.679316888046,True,GiovannyyaPrini,15,15,0,0,0,76,24,3.11496350365,7.5,1054,716,False
55221873,67.5,9.3875,58150337,1,2009-07-09 12:34:35,False,False,589068.852078176,1,0,0.687099725526,True,MeadowjaAllysoi,15,15,0,0,0,80,26,4.69696969697,7.9,1093,751,False
55243788,88.6,9.35,58246562,1,2009-07-09 14:04:53,False,False,598501.8768647765,1,0,0.675090252708,True,MikaylacaDylani,15,15,0,0,0,80,22,3.58823529412,8.8,1108,748,False
55256821,70.45,8.67058823529,54754647,1,2009-07-09 14:53:07,False,False,982088.9309601551,1,0,0.657448706512,True,JordonoaHaydeni,15,15,0,0,0,85,30,3.12974051896,7.4,1121,737,False
80479674,40.95,4.10714285714,6935801214,3,2009-10-07 03:19:21,False,False,43405625.36822978,1,0,0.793103448276,True,yi_twitts,9,2,0,1,5,28,16,36.1951219512,8.2,145,115,False
82487179,112.75,9.35,630283440,2,2009-10-14 23:40:17,False,False,14447765.044566255,1,0,0.636487406399,True,Kuma_chan_87,12,4,2,11,28,1442,25,4.37948717949,9.8,1469,935,False